comment,ross_order,dmw_product,ross_code,qty,same_next_day,date,week,qty_day_m1,achvd_day_m1,achvd_aft_m1,qty_night_m1,achvd_night_m1,qty_day_m2,achvd_day_m2,achvd_aft_m2,qty_night_m2,achvd_night_m2,qty_day_m3,achvd_day_m3,achvd_aft_m3,qty_night_m3,achvd_night_m3,qty_day_m4,achvd_day_m4,qty_aft_m4,achvd_aft_m4,qty_night_m4,achvd_night_m4,kg_pce,plan_totals_kg,act_totals_kg,total_pcs_m1,total_pcs_m2,total_pcs_m3,total_pcs_m4,pcs_hr
47MM,WIP,47mm X  2400FLOK Galv,JFL4724G,22000.0,N,2025-06-04,23,,150.0,,,,,150.0,,,,,,,,,,,,,,,6.5,0.0,1950.0,150.0,150.0,0.0,0.0,60.0
,WIP,47mm X  2400FLOK Galv,JFL4724G,,N,2025-06-05,23,,450.0,,,,,,,,,,,,,,,,,,,,7.5,0.0,3375.0,450.0,0.0,0.0,0.0,61.0
,WIP,47mm X  2400FLOK Galv,JFL4724G,,N,2025-06-06,23,,,,,,,,,,,,,,,,,,,,,,8.5,0.0,0.0,0.0,0.0,0.0,0.0,62.0
,WIP,47mm X  2400FLOK Galv,JFL4724G,,N,2025-06-07,23,,,,,,,,,,,,,,,,,,,,,,9.5,0.0,0.0,0.0,0.0,0.0,0.0,63.0
,WIP,47mm X  2400FLOK Galv,JFL4724G,,N,2025-06-08,24,,,,,,,,,,,,,,,,,,,,,,10.5,0.0,0.0,0.0,0.0,0.0,0.0,64.0
,WIP,47mm X  2400FLOK Galv,JFL4724G,,N,2025-06-09,24,,300.0,,,,,150.0,,,,,,,,,,150.0,,,,,11.5,0.0,6900.0,300.0,150.0,0.0,150.0,65.0
,WIP,47mm X  2400FLOK Galv,JFL4724G,,N,2025-06-10,24,,150.0,,,,,150.0,,,,,,,,,,300.0,,,,,12.5,0.0,7500.0,150.0,150.0,0.0,300.0,66.0
,WIP,47mm X  2400FLOK Galv,JFL4724G,,N,2025-06-11,24,,450.0,,,,,450.0,,,,,,,,,,450.0,,,,,13.5,0.0,18225.0,450.0,450.0,0.0,450.0,67.0
,WIP,47mm X  2400FLOK Galv,JFL4724G,,N,2025-06-12,24,,600.0,,,,,,,,,,,,,,,,,,,,14.5,0.0,8700.0,600.0,0.0,0.0,0.0,68.0
,WIP,47mm X  2400FLOK Galv,JFL4724G,,N,2025-06-13,24,,450.0,,,,,,,,,,,,,,,,,,,,15.5,0.0,6975.0,450.0,0.0,0.0,0.0,69.0
,WIP,47mm X  2400FLOK Galv,JFL4724G,,N,2025-06-14,24,,300.0,,,,,150.0,,,,,,,,,,,,,,,16.5,0.0,7425.0,300.0,150.0,0.0,0.0,70.0
,WIP,47mm X  2400FLOK Galv,JFL4724G,,N,2025-06-15,25,,,,,,,,,,,,,,,,,,,,,,17.5,0.0,0.0,0.0,0.0,0.0,0.0,71.0
,WIP,47mm X  2400FLOK Galv,JFL4724G,,N,2025-06-16,25,,600.0,,,,,300.0,,,,,,,,,,,,,,,18.5,0.0,16650.0,600.0,300.0,0.0,0.0,72.0
,WIP,47mm X  2400FLOK Galv,JFL4724G,,N,2025-06-17,25,,450.0,,,,,300.0,,,,,,,,,,,,,,,19.5,0.0,14625.0,450.0,300.0,0.0,0.0,73.0
,WIP,47mm X  2400FLOK Galv,JFL4724G,,N,2025-06-18,25,,450.0,,,,,300.0,,,,,,,,,,,,,,,20.5,0.0,15375.0,450.0,300.0,0.0,0.0,74.0
,WIP,47mm X  2400FLOK Galv,JFL4724G,,N,2025-06-19,25,,300.0,,,,,300.0,,,,,,,,,,,,,,,21.5,0.0,12900.0,300.0,300.0,0.0,0.0,75.0
,WIP,47mm X  2400FLOK Galv,JFL4724G,,N,2025-06-20,25,,450.0,,,,,300.0,,,,,,,,,,,,,,,22.5,0.0,16875.0,450.0,300.0,0.0,0.0,76.0
,WIP,47mm X  2400FLOK Galv,JFL4724G,,N,2025-06-21,25,,450.0,,,,,300.0,,,,,,,,,,,,,,,23.5,0.0,17625.0,450.0,300.0,0.0,0.0,77.0
,WIP,47mm X  2400FLOK Galv,JFL4724G,,N,2025-06-22,26,,450.0,,,,,,,,,,,,,,,,,,,,24.5,0.0,11025.0,450.0,0.0,0.0,0.0,78.0
,WIP,47mm X  2400FLOK Galv,JFL4724G,,N,2025-06-23,26,,450.0,,,,,,,,,,,,,,,,,,,,25.5,0.0,11475.0,450.0,0.0,0.0,0.0,79.0
,WIP,47mm X  2400FLOK Galv,JFL4724G,,N,2025-06-24,26,,450.0,,,,,,,,,,,,,,,300.0,,,,,26.5,0.0,19875.0,450.0,0.0,0.0,300.0,80.0
,WIP,47mm X  2400FLOK Galv,JFL4724G,,N,2025-06-25,26,,150.0,,,,,,,,,,,,,,,,,,,,27.5,0.0,4125.0,150.0,0.0,0.0,0.0,81.0
,WIP,47mm X  2400FLOK Galv,JFL4724G,,N,2025-06-26,26,,,,,,,,,,,,,,,,,,,,,,28.5,0.0,0.0,0.0,0.0,0.0,0.0,82.0
,WIP,47mm X  2400FLOK Galv,JFL4724G,,N,2025-06-27,26,,,,,,,,,,,,,,,,,,,,,,29.5,0.0,0.0,0.0,0.0,0.0,0.0,83.0
,WIP,47mm X  2400FLOK Galv,JFL4724G,,N,2025-06-28,26,,,,,,,,,,,,,,,,,,,,,,30.5,0.0,0.0,0.0,0.0,0.0,0.0,84.0
,WIP,47mm X  2400FLOK Galv,JFL4724G,,N,2025-06-29,27,,,,,,,,,,,,,,,,,,,,,,31.5,0.0,0.0,0.0,0.0,0.0,0.0,85.0
,WIP,47mm X  2400FLOK Galv,JFL4724G,,N,2025-06-30,27,,,,,,,,,,,,,,,,,,,,,,32.5,0.0,0.0,0.0,0.0,0.0,0.0,86.0
,WIP,47mm X  2400FLOK Galv,JFL4724G,,N,2025-07-01,27,,,,,,,,,,,,,,,,,300.0,,,,,33.5,0.0,10050.0,0.0,0.0,0.0,300.0,87.0
,WIP,47mm X  2400FLOK Galv,JFL4724G,,N,2025-07-02,27,,,,,,,,,,,,,,,,,150.0,,,,,34.5,0.0,5175.0,0.0,0.0,0.0,150.0,88.0
,WIP,47mm X  2400FLOK Galv,JFL4724G,,N,2025-07-03,27,,,,,,,,,,,,,,,,,150.0,,,,,35.5,0.0,5325.0,0.0,0.0,0.0,150.0,89.0
,WIP,47mm X  2400FLOK Galv,JFL4724G,,N,2025-07-04,27,,,,,,,,,,,,,,,,,,,,,,36.5,0.0,0.0,0.0,0.0,0.0,0.0,90.0
,WIP,47mm X  2400FLOK Galv,JFL4724G,,N,2025-07-05,27,,,,,,,,,,,,,,,,,,,,,,37.5,0.0,0.0,0.0,0.0,0.0,0.0,91.0
,WIP,47mm X  2400FLOK Galv,JFL4724G,,N,2025-07-06,28,,,,,,,,,,,,,,,,,,,,,,38.5,0.0,0.0,0.0,0.0,0.0,0.0,92.0
,WIP,47mm X  2400FLOK Galv,JFL4724G,,N,2025-07-07,28,,,,,,,,,,,,,,,,,150.0,,,,,39.5,0.0,5925.0,0.0,0.0,0.0,150.0,93.0
,WIP,47mm X  2400FLOK Galv,JFL4724G,,N,2025-07-08,28,,,,,,,,,,,,,,,,,,,,,,40.5,0.0,0.0,0.0,0.0,0.0,0.0,94.0
,WIP,47mm X  2400FLOK Galv,JFL4724G,,N,2025-07-09,28,,,,,,,,,,,,,,,,,,,,,,41.5,0.0,0.0,0.0,0.0,0.0,0.0,95.0
,WIP,47mm X  2400FLOK Galv,JFL4724G,,N,2025-07-10,28,,,,,,,,,,,,,,,,,,,,,,42.5,0.0,0.0,0.0,0.0,0.0,0.0,96.0
,WIP,47mm X  2400FLOK Galv,JFL4724G,,N,2025-07-11,28,,,,,,,,,,,,,,,,,,,,,,43.5,0.0,0.0,0.0,0.0,0.0,0.0,97.0
,WIP,47mm X  2400FLOK Galv,JFL4724G,,N,2025-07-12,28,,,,,,,,,,,,,,,,,,,,,,44.5,0.0,0.0,0.0,0.0,0.0,0.0,98.0
,WIP,47mm X  2400FLOK Galv,JFL4724G,,N,2025-07-13,29,,,,,,,,,,,,,,,,,,,,,,45.5,0.0,0.0,0.0,0.0,0.0,0.0,99.0
,WIP,47mm X  2400FLOK Galv,JFL4724G,,N,2025-07-14,29,,,,,,,,,,,,,,,,,,,,,,46.5,0.0,0.0,0.0,0.0,0.0,0.0,100.0
,WIP,47mm X  2400FLOK Galv,JFL4724G,,N,2025-07-15,29,,,,,,,,,,,,,,,,,,,,,,47.5,0.0,0.0,0.0,0.0,0.0,0.0,101.0
,WIP,47mm X  2400FLOK Galv,JFL4724G,,N,2025-07-16,29,,,,,,,,,,,,,,,,,,,,,,48.5,0.0,0.0,0.0,0.0,0.0,0.0,102.0
,WIP,47mm X  2400FLOK Galv,JFL4724G,,N,2025-07-17,29,,,,,,,,,,,,,,,,,,,,,,49.5,0.0,0.0,0.0,0.0,0.0,0.0,103.0
,WIP,47mm X  2400FLOK Galv,JFL4724G,,N,2025-07-18,29,,,,,,,,,,,,,,,,,,,,,,50.5,0.0,0.0,0.0,0.0,0.0,0.0,104.0
,WIP,47mm X  2400FLOK Galv,JFL4724G,,N,2025-07-19,29,,,,,,,,,,,,,,,,,300.0,,,,,51.5,0.0,15450.0,0.0,0.0,0.0,300.0,105.0
,WIP,47mm X  2400FLOK Galv,JFL4724G,,N,2025-07-20,30,,,,,,,,,,,,,,,,,,,,,,52.5,0.0,0.0,0.0,0.0,0.0,0.0,106.0
,WIP,47mm X  2400FLOK Galv,JFL4724G,,N,2025-07-21,30,,,,,,,,,,,,,,,,,300.0,,,,,,,,,,,,
,WIP,47mm X  2400FLOK Galv,JFL4724G,,N,2025-07-22,30,,,,,,,,,,,,,,,,,150.0,,,,,,,,,,,,
,WIP,47mm X  2400FLOK Galv,JFL4724G,,N,2025-07-23,30,,,,,,,,,,,,,,,,,450.0,,,,,,,,,,,,
,WIP,47mm X  2400FLOK Galv,JFL4724G,,N,2025-07-24,30,,450.0,,,,,150.0,,,,,,,,,,450.0,,,,,,,,,,,,
,WIP,47mm X  2400FLOK Galv,JFL4724G,,N,2025-07-25,30,,450.0,,,,,,,,,,,,,,,450.0,,,,,,,,,,,,
,WIP,47mm X  2400FLOK Galv,JFL4724G,,N,2025-07-26,30,,450.0,,,,,,,,,,,,,,,450.0,,,,,,,,,,,,
,WIP,47mm X  2400FLOK Galv,JFL4724G,,N,2025-07-27,31,,,,,,,,,,,,,,,,,,,,,,,,,,,,,
,WIP,47mm X  2400FLOK Galv,JFL4724G,,N,2025-07-28,31,,150.0,,,,,,,,,,,,,,,300.0,,,,,,,,,,,,
,WIP,47mm X  2400FLOK Galv,JFL4724G,,N,2025-07-29,31,,450.0,,,,,,,,,,,,,,,300.0,,,,,,,,,,,,
,WIP,47mm X  2400FLOK Galv,JFL4724G,,N,2025-07-30,31,,300.0,,,,,,,,,,,,,,,450.0,,,,,,,,,,,,
,WIP,47mm X  2400FLOK Galv,JFL4724G,,N,2025-07-31,31,,450.0,,,,,300.0,,,,,,,,,,300.0,,,,,,,,,,,,
,WIP,47mm X  2400FLOK Galv,JFL4724G,,N,2025-08-01,31,,,,,,,,,,,,,,,,,450.0,,,,,,,,,,,,
,WIP,47mm X  2400FLOK Galv,JFL4724G,,N,2025-08-02,31,,,,,,,,,,,,,,,,,,,,,,,,,,,,,
,WIP,47mm X  2400FLOK Galv,JFL4724G,,N,2025-08-03,32,,,,,,,,,,,,,,,,,,,,,,,,,,,,,
,WIP,47mm X  2400FLOK Galv,JFL4724G,,N,2025-08-04,32,,,,,,,,,,,,,,,,,88.0,,,,,,,,,,,,
,,,,,N,2025-08-05,32,,,,,,,,,,,,,,,,,,,,,,,,,,,,,
,,,,,N,2025-08-06,32,,,,,,,,,,,,,,,,,,,,,,,,,,,,,
,,,,,N,2025-08-07,32,,,,,,,,,,,,,,,,,,,,,,,,,,,,,
,,,,,N,2025-08-08,32,,,,,,,,,,,,,,,,,,,,,,,,,,,,,
,,,,,N,2025-08-09,32,,,,,,,,,,,,,,,,,,,,,,,,,,,,,
,,,,,N,2025-08-10,33,,,,,,,,,,,,,,,,,,,,,,,,,,,,,
,,,,,N,2025-08-11,33,,,,,,,,,,,,,,,,,,,,,,,,,,,,,
,,,,,N,2025-08-12,33,,,,,,,,,,,,,,,,,,,,,,,,,,,,,
,,,,,N,2025-08-13,33,,,,,,,,,,,,,,,,,,,,,,,,,,,,,
,,,,,N,2025-08-14,33,,,,,,,,,,,,,,,,,,,,,,,,,,,,,
,,,,,N,2025-08-15,33,,,,,,,,,,,,,,,,,,,,,,,,,,,,,
,,,,,N,2025-08-16,33,,,,,,,,,,,,,,,,,,,,,,,,,,,,,
,,,,,N,2025-08-17,34,,,,,,,,,,,,,,,,,,,,,,,,,,,,,
,,,,,N,2025-08-18,34,,,,,,,,,,,,,,,,,,,,,,,,,,,,,
,,,,,N,2025-08-19,34,,,,,,,,,,,,,,,,,,,,,,,,,,,,,
,,,,,N,2025-08-20,34,,,,,,,,,,,,,,,,,,,,,,,,,,,,,
,,,,,N,2025-08-21,34,,,,,,,,,,,,,,,,,,,,,,,,,,,,,
,,,,,N,2025-08-22,34,,,,,,,,,,,,,,,,,,,,,,,,,,,,,
,,,,,N,2025-08-23,34,,,,,,,,,,,,,,,,,,,,,,,,,,,,,
,,,,,N,2025-08-24,35,,,,,,,,,,,,,,,,,,,,,,,,,,,,,
,,,,,N,2025-08-25,35,,,,,,,,,,,,,,,,,,,,,,,,,,,,,
,,,,,N,2025-08-26,35,,,,,,,,,,,,,,,,,,,,,,,,,,,,,
,,,,,N,2025-08-27,35,,,,,,,,,,,,,,,,,,,,,,,,,,,,,
,,,,,N,2025-08-28,35,,,,,,,,,,,,,,,,,,,,,,,,,,,,,
,,,,,N,2025-08-29,35,,,,,,,,,,,,,,,,,,,,,,,,,,,,,
,,,,,N,2025-08-30,35,,,,,,,,,,,,,,,,,,,,,,,,,,,,,
,,,,,N,2025-08-31,36,,,,,,,,,,,,,,,,,,,,,,,,,,,,,
,,,,,N,2025-09-01,36,,,,,,,,,,,,,,,,,,,,,,,,,,,,,
,,,,,N,2025-09-02,36,,,,,,,,,,,,,,,,,,,,,,,,,,,,,
,,,,,N,2025-09-03,36,,,,,,,,,,,,,,,,,,,,,,,,,,,,,
,,,,,N,2025-09-04,36,,,,,,,,,,,,,,,,,,,,,,,,,,,,,
,,,,,N,2025-09-05,36,,,,,,,,,,,,,,,,,,,,,,,,,,,,,
,,,,,N,2025-09-06,36,,,,,,,,,,,,,,,,,,,,,,,,,,,,,
,,,,,N,2025-09-07,37,,,,,,,,,,,,,,,,,,,,,,,,,,,,,
,,,,,N,2025-09-08,37,,,,,,,,,,,,,,,,,,,,,,,,,,,,,
,,,,,N,2025-09-09,37,,,,,,,,,,,,,,,,,,,,,,,,,,,,,
,,,,,N,2025-09-10,37,,,,,,,,,,,,,,,,,,,,,,,,,,,,,
,,,,,N,2025-09-11,37,,,,,,,,,,,,,,,,,,,,,,,,,,,,,
,,,,,N,2025-09-12,37,,,,,,,,,,,,,,,,,,,,,,,,,,,,,
,,,,,N,2025-09-13,37,,,,,,,,,,,,,,,,,,,,,,,,,,,,,
,,,,,N,2025-09-14,38,,,,,,,,,,,,,,,,,,,,,,,,,,,,,
,,,,,N,2025-09-15,38,,,,,,,,,,,,,,,,,,,,,,,,,,,,,
,,,,,N,2025-09-16,38,,,,,,,,,,,,,,,,,,,,,,,,,,,,,
,,,,,N,2025-09-17,38,,,,,,,,,,,,,,,,,,,,,,,,,,,,,
,,,,,N,2025-09-18,38,,,,,,,,,,,,,,,,,,,,,,,,,,,,,
,,,,,N,2025-09-19,38,,,,,,,,,,,,,,,,,,,,,,,,,,,,,
,,,,,N,2025-09-20,38,,,,,,,,,,,,,,,,,,,,,,,,,,,,,
,,,,,N,2025-09-21,39,,,,,,,,,,,,,,,,,,,,,,,,,,,,,
,,,,,N,2025-09-22,39,,,,,,,,,,,,,,,,,,,,,,,,,,,,,
,,,,,N,2025-09-23,39,,,,,,,,,,,,,,,,,,,,,,,,,,,,,
,,,,,N,2025-09-24,39,,,,,,,,,,,,,,,,,,,,,,,,,,,,,
,,,,,N,2025-09-25,39,,,,,,,,,,,,,,,,,,,,,,,,,,,,,
,,,,,N,2025-09-26,39,,,,,,,,,,,,,,,,,,,,,,,,,,,,,
,,,,,N,2025-09-27,39,,,,,,,,,,,,,,,,,,,,,,,,,,,,,
,,,,,N,2025-09-28,40,,,,,,,,,,,,,,,,,,,,,,,,,,,,,
,,,,,N,2025-09-29,40,,,,,,,,,,,,,,,,,,,,,,,,,,,,,
,,,,,N,2025-09-30,40,,,,,,,,,,,,,,,,,,,,,,,,,,,,,
,,,,,N,2025-10-01,40,,,,,,,,,,,,,,,,,,,,,,,,,,,,,
,WIP,39mm X  1829FLOK Galv,JFL3918G,51000.0,N,2025-10-02,40,,,,,,,,,,,,,,,,,300.0,5.0,,,,,,,,,,,
,,,,,N,2025-10-03,40,,,,,,,,,,,,,,,,,300.0,4.0,,,,,,,,,,,
,,,,,N,2025-10-04,40,,,,,,,,,,,,,,,,,,,,,,,,,,,,,
,,,,,N,2025-10-05,41,,,,,,,,,,,,,,,,,,,,,,,,,,,,,
,,,,,N,2025-10-06,41,,,,,,,,,,,,,,,,,300.0,3.0,,,,,,,,,,,
,,,,,N,2025-10-07,41,,,,,,,,,,,,,,,,,,,,,,,,,,,,,
,,,,,N,2025-10-08,41,,,,,,,,,,,,,,,,,,,,,,,,,,,,,
,,,,,N,2025-10-09,41,,,,,,,,,,,,,,,,,,,,,,,,,,,,,
,,,,,N,2025-10-10,41,,,,,,,,,,,,,,,,,,,,,,,,,,,,,
,,,,,N,2025-10-11,41,,,,,,,,,,,,,,,,,,,,,,,,,,,,,
,,,,,N,2025-10-12,42,,,,,,,,,,,,,,,,,,,,,,,,,,,,,
,,,,,N,2025-10-13,42,,,,,,,,,,,,,,,,,,,,,,,,,,,,,
,,,,,N,2025-10-14,42,,,,,,,,,,,,,,,,,,,,,,,,,,,,,
,,,,,N,2025-10-15,42,,,,,,,,,,,,,,,,,,,,,,,,,,,,,
,,,,,N,2025-10-16,42,,,,,,,,,,,,,,,,,,,,,,,,,,,,,
,,,,,N,2025-10-17,42,,,,,,,,,,,,,,,,,300.0,3.0,,,,,,,,,,,
,,,,,N,2025-10-18,42,,,,,,,,,,,,,,,,,,,,,,,,,,,,,
,,,,,N,2025-10-19,43,,,,,,,,,,,,,,,,,,,,,,,,,,,,,
,,,,,N,2025-10-20,43,,,,,,,,,,,,,,,,,,,,,,,,,,,,,
,,,,,N,2025-10-21,43,,,,,,,,,,,,,,,,,600.0,6.0,,,,,,,,,,,
,,,,,N,2025-10-22,43,,,,,,,,,,,,,,,,,300.0,3.0,,,,,,,,,,,
,,,,,N,2025-10-23,43,,,,,,,,,,,,,,,,,,,,,,,,,,,,,
,,,,,N,2025-10-24,43,,,,,,,,,,,,,,,,,300.0,3.0,,,,,,,,,,,
,,,,,N,2025-10-25,43,,,,,,,,,,,,,,,,,600.0,5.0,,,,,,,,,,,
,,,,,N,2025-10-26,44,,,,,,,,,,,,,,,,,,,,,,,,,,,,,
,,,,,N,2025-10-27,44,,,,,,,,,,,,,,,,,300.0,9.0,,,,,,,,,,,
,,,,,N,2025-10-28,44,,,,,,,,,,,,,,,,,300.0,3.0,,,,,,,,,,,
,,,,,N,2025-10-29,44,,,,,,,,,,,,,,,,,,,,,,,,,,,,,
,,,,,N,2025-10-30,44,,,,,,,300.0,,,,,,,,,,,,,,,,,,,,,,
,,,,,N,2025-10-31,44,,,,,,,,,,,,,,,,,,,,,,,,,,,,,
,,,,,N,2025-11-01,44,,,,,,,,,,,,,,,,,,,,,,,,,,,,,
,,,,,N,2025-11-02,45,,,,,,,300.0,,,,,,,,,,,,,,,,,,,,,,
,,,,,N,2025-11-03,45,,,,,,,,,,,,,,,,,,,,,,,,,,,,,
,,,,,N,2025-11-04,45,,,,,,,,,,,,,,,,,300.0,3.0,,,,,,,,,,,
,,,,,N,2025-11-05,45,,,,,,,300.0,,,,,,,,,,,,,,,,,,,,,,
,,,,,N,2025-11-06,45,,,,,,,,,,,,,,,,,,,,,,,,,,,,,
,,,,,N,2025-11-07,45,,,,,,,,,,,,,,,,,300.0,3.0,,,,,,,,,,,
,,,,,N,2025-11-08,45,,,,,,,,,,,,,,,,,,,,,,,,,,,,,
,,,,,N,2025-11-09,46,,,,,,,,,,,,,,,,,,,,,,,,,,,,,
,,,,,N,2025-11-10,46,,,,,,,,,,,,,,,,,,,,,,,,,,,,,
,,,,,N,2025-11-11,46,,,,,,,,,,,,,,,,,600.0,5.0,,,,,,,,,,,
,,,,,N,2025-11-12,46,,300.0,,,,,,,,,,,,,,,300.0,4.0,,,,,,,,,,,
,,,,,N,2025-11-13,46,,,,,,,,,,,,,,,,,600.0,7.0,,,,,,,,,,,
,,,,,N,2025-11-14,46,,,,,,,,,,,,,,,,,,,,,,,,,,,,,
,,,,,N,2025-11-15,46,,,,,,,,,,,,,,,,,,,,,,,,,,,,,
,,,,,N,2025-11-16,47,,,,,,,,,,,,,,,,,,,,,,,,,,,,,
,,,,,N,2025-11-17,47,,,,,,,,,,,,,,,,,,,,,,,,,,,,,
,,,,,N,2025-11-18,47,,600.0,,,,,,,,,,,,,,,600.0,,,,,,,,,,,,
,,,,,N,2025-11-19,47,,,,,,,,,,,,,,,,,,,,,,,,,,,,,
,,,,,N,2025-11-20,47,,300.0,,,,,,,,,,,,,,,900.0,9.0,,,,,,,,,,,
,,,,,N,2025-11-21,47,,300.0,,,,,,,,,,,,,,,,,,,,,,,,,,,
,,,,,N,2025-11-22,47,,,,,,,,,,,,,,,,,900.0,9.0,,,,,,,,,,,
,,,,,N,2025-11-23,48,,,,,,,,,,,,,,,,,,,,,,,,,,,,,
,,,,,N,2025-11-24,48,,600.0,,,,,,,,,,,,,,,,,,,,,,,,,,,
,572955,FRICTION LOK BOLT 39MMX1829MM,JFLI3972BL,,N,2025-11-25,48,,,,,,,,,,,,900.0,,,,,,,,,,,,,,,,,
,,,,,N,2025-11-26,48,,300.0,,,,,,,,,,,,,,,,,,,,,,,,,,,
,,,,,N,2025-11-27,48,,300.0,,,,,,,,,,900.0,,,,,,,,,,,,,,,,,
,,,,,N,2025-11-28,48,,,,,,,,,,,,,,,,,,,,,,,,,,,,,
,,,,,N,2025-11-29,48,,,,,,,,,,,,600.0,,,,,,,,,,,,,,,,,
,,,,,N,2025-11-30,49,,,,,,,,,,,,,,,,,,,,,,,,,,,,,
,,,,,N,2025-12-01,49,,600.0,,,,,,,,,,300.0,,,,,,,,,,,,,,,,,
,,,,,N,2025-12-02,49,,300.0,,,,,,,,,,,,,,,,,,,,,,,,,,,
,,,,,N,2025-12-03,49,,300.0,,,,,,,,,,900.0,,,,,,,,,,,,,,,,,
,,,,,N,2025-12-04,49,,300.0,,,,,,,,,,,,,,,,,,,,,,,,,,,
,,,,,N,2025-12-05,49,,,,,,,,,,,,600.0,,,,,,,,,,,,,,,,,
,,,,,N,2025-12-06,49,,,,,,,,,,,,,,,,,,,,,,,,,,,,,
,,,,,N,2025-12-07,50,,,,,,,,,,,,,,,,,,,,,,,,,,,,,
,,,,,N,2025-12-08,50,,600.0,,,,,,,,,,600.0,,,,,,,,,,,,,,,,,
,,,,,N,2025-12-09,50,,300.0,,,,,,,,,,,,,,,,,,,,,,,,,,,
,,,,,N,2025-12-10,50,,,,,,,,,,,,600.0,,,,,,,,,,,,,,,,,
,,,,,N,2025-12-11,50,,,,,,,,,,,,,,,,,,,,,,,,,,,,,
,,,,,N,2025-12-12,50,,,,,,,,,,,,,,,,,,,,,,,,,,,,,
,,,,,N,2025-12-13,50,,,,,,,,,,,,,,,,,,,,,,,,,,,,,
,,,,,N,2025-12-14,51,,,,,,,,,,,,,,,,,,,,,,,,,,,,,
,,,,,N,2025-12-15,51,,300.0,,,,,,,,,,600.0,,,,,,,,,,,,,,,,,
,,,,,N,2025-12-16,51,,,,,,,,,,,,,,,,,,,,,,,,,,,,,
,,,,,N,2025-12-17,51,,,,,,,,,,,,,,,,,,,,,,,,,,,,,
,,,,,N,2025-12-18,51,,,,,,,,,,,,,,,,,,,,,,,,,,,,,
,,,,,N,2025-12-19,51,,,,,,,,,,,,,,,,,,,,,,,,,,,,,
,,,,,N,2025-12-20,51,,,,,,,,,,,,,,,,,,,,,,,,,,,,,
,,,,,N,2025-12-21,52,,,,,,,,,,,,,,,,,,,,,,,,,,,,,
,,,,,N,2025-12-22,52,,,,,,,,,,,,,,,,,,,,,,,,,,,,,
,,,,,N,2025-12-23,52,,300.0,,,,,,,,,,300.0,,,,,,,,,,,,,,,,,
,,,,,N,2025-12-24,52,,,,,,,,,,,,,,,,,,,,,,,,,,,,,
,,,,,N,2025-12-25,52,,,,,,,,,,,,,,,,,,,,,,,,,,,,,
,,,,,N,2025-12-26,52,,,,,,,,,,,,,,,,,,,,,,,,,,,,,
,,,,,N,2025-12-27,52,,,,,,,,,,,,600.0,,,,,,,,,,,,,,,,,
,,,,,N,2025-12-28,53,,,,,,,,,,,,,,,,,,,,,,,,,,,,,
,,,,,N,2025-12-29,53,,,,,,,,,,,,300.0,,,,,,,,,,,,,,,,,
,,,,,N,2025-12-30,53,,,,,,,,,,,,600.0,,,,,,,,,,,,,,,,,
,,,,,N,2025-12-31,53,,,,,,,,,,,,300.0,,,,,,,,,,,,,,,,,
,,,,,N,2026-01-01,1,,,,,,,,,,,,,,,,,,,,,,,,,,,,,
,,,,,N,2026-01-02,1,,,,,,,,,,,,,,,,,,,,,,,,,,,,,
,,,,,N,2026-01-03,1,,,,,,,,,,,,600.0,,,,,,,,,,,,,,,,,
,,,,,N,2026-01-04,2,,,,,,,,,,,,,,,,,,,,,,,,,,,,,
,,,,,N,2026-01-05,2,,,,,,,,,,,,600.0,,,,,,,,,,,,,,,,,
,,,,,N,2026-01-06,2,,,,,,,,,,,,600.0,,,,,,,,,,,,,,,,,
,572955,FRICTION LOK BOLT 39MMX1829MM,JFLI3972BL,,N,2026-01-07,2,,600.0,,,,,,,,,,,,,,,,,,,,,,,,,,,
,,,,,N,2026-01-08,2,,300.0,,,,,,,,,,600.0,,,,,,,,,,,,,,,,,
,,,,,N,2026-01-09,2,,300.0,,,,,,,,,,600.0,,,,,,,,,,,,,,,,,
,,,,,N,2026-01-10,2,,300.0,,,,,,,,,,300.0,,,,,,,,,,,,,,,,,
,,,,,N,2026-01-11,3,,300.0,,,,,,,,,,300.0,,,,,,,,,,,,,,,,,
,,,,,N,2026-01-12,3,,,,,,,,,,,,,,,,,,,,,,,,,,,,,
,,,,,N,2026-01-13,3,,300.0,,,,,,,,,,600.0,,,,,,,,,,,,,,,,,
,,,,,N,2026-01-14,3,,300.0,,,,,,,,,,300.0,,,,,,,,,,,,,,,,,
,,,,,N,2026-01-15,3,,,,,,,,,,,,,,,,,,,,,,,,,,,,,
,,,,,N,2026-01-16,3,,300.0,,,,,,,,,,,,,,,,,,,,,,,,,,,
,,,,,N,2026-01-17,3,,600.0,,,,,,,,,,,,,,,,,,,,,,,,,,,
,,,,,N,2026-01-18,4,,,,,,,,,,,,,,,,,,,,,,,,,,,,,
,,,,,N,2026-01-19,4,,,,,,,,,,,,600.0,,,,,,,,,,,,,,,,,
,,,,,N,2026-01-20,4,,300.0,,,,,,,,,,600.0,,,,,,,,,,,,,,,,,
,,,,,N,2026-01-21,4,,,,,,,,,,,,,,,,,,,,,,,,,,,,,
,,,,,N,2026-01-22,4,,,,,,,,,,,,900.0,,,,,,,,,,,,,,,,,
,,,,,N,2026-01-23,4,,,,,,,,,,,,300.0,,,,,,,,,,,,,,,,,
,,,,,N,2026-01-24,4,,,,,,,,,,,,600.0,,,,,,,,,,,,,,,,,
,,,,,N,2026-01-25,5,,,,,,,,,,,,,,,,,,,,,,,,,,,,,
,,,,,N,2026-01-26,5,,,,,,,,,,,,,,,,,,,,,,,,,,,,,
,,,,,N,2026-01-27,5,,,,,,,,,,,,,,,,,,,,,,,,,,,,,
,,,,,N,2026-01-28,5,,,,,,,,,,,,,,,,,,,,,,,,,,,,,
,,,,,N,2026-01-29,5,,,,,,,,,,,,,,,,,,,,,,,,,,,,,
,,,,,N,2026-01-30,5,,,,,,,,,,,,,,,,,,,,,,,,,,,,,
,,,,,N,2026-01-31,5,,,,,,,,,,,,,,,,,,,,,,,,,,,,,
,,,,,N,2026-02-01,6,,,,,,,,,,,,,,,,,,,,,,,,,,,,,
,,,,,N,2026-02-02,6,,,,,,,,,,,,,,,,,,,,,,,,,,,,,
,,,,,N,2026-02-03,6,,,,,,,,,,,,,,,,,,,,,,,,,,,,,
,,,,,N,2026-02-04,6,,,,,,,,,,,,,,,,,,,,,,,,,,,,,
,,,,,N,2026-02-05,6,,,,,,,,,,,,,,,,,,,,,,,,,,,,,
,,,,,N,2026-02-06,6,,,,,,,,,,,,,,,,,,,,,,,,,,,,,
,,,,,N,2026-02-07,6,,,,,,,,,,,,,,,,,,,,,,,,,,,,,
,,,,,N,2026-02-08,7,,,,,,,,,,,,,,,,,,,,,,,,,,,,,
,,,,,N,2026-02-09,7,,,,,,,,,,,,,,,,,,,,,,,,,,,,,
,,,,,N,2026-02-10,7,,,,,,,,,,,,,,,,,,,,,,,,,,,,,
,,,,,N,2026-02-11,7,,,,,,,,,,,,,,,,,,,,,,,,,,,,,
,,,,,N,2026-02-12,7,,,,,,,,,,,,,,,,,,,,,,,,,,,,,
,,,,,N,2026-02-13,7,,,,,,,,,,,,,,,,,,,,,,,,,,,,,
,,,,,N,2026-02-14,7,,,,,,,,,,,,,,,,,,,,,,,,,,,,,
,,,,,N,2026-02-15,8,,,,,,,,,,,,,,,,,,,,,,,,,,,,,
,,,,,N,2026-02-16,8,,,,,,,,,,,,,,,,,,,,,,,,,,,,,
,,,,,N,2026-02-17,8,,,,,,,,,,,,,,,,,,,,,,,,,,,,,
,,,,,N,2026-02-18,8,,,,,,,,,,,,,,,,,,,,,,,,,,,,,
,,,,,N,2026-02-19,8,,,,,,,,,,,,,,,,,,,,,,,,,,,,,
,,,,,N,2026-02-20,8,,,,,,,,,,,,,,,,,,,,,,,,,,,,,
,,,,,N,2026-02-21,8,,,,,,,,,,,,,,,,,,,,,,,,,,,,,
,,,,,N,2026-02-22,9,,,,,,,,,,,,,,,,,,,,,,,,,,,,,
,,,,,N,2026-02-23,9,,,,,,,,,,,,,,,,,,,,,,,,,,,,,
,,,,,N,2026-02-24,9,,,,,,,,,,,,,,,,,,,,,,,,,,,,,
,,,,,N,2026-02-25,9,,,,,,,,,,,,,,,,,,,,,,,,,,,,,
,,,,,N,2026-02-26,9,,,,,,,,,,,,,,,,,,,,,,,,,,,,,
,,,,,N,2026-02-27,9,,,,,,,,,,,,,,,,,,,,,,,,,,,,,
,,,,,N,2026-02-28,9,,,,,,,,,,,,,,,,,,,,,,,,,,,,,
,,,,,N,2026-03-01,10,,,,,,,,,,,,,,,,,,,,,,,,,,,,,
,,,,,N,2026-03-02,10,,,,,,,,,,,,,,,,,,,,,,,,,,,,,
,,,,,N,2026-03-03,10,,,,,,,,,,,,,,,,,,,,,,,,,,,,,
,,,,,N,2026-03-04,10,,,,,,,,,,,,,,,,,,,,,,,,,,,,,
,,,,,N,2026-03-05,10,,,,,,,,,,,,,,,,,,,,,,,,,,,,,
,,,,,N,2026-03-06,10,,,,,,,,,,,,,,,,,,,,,,,,,,,,,
,,,,,N,2026-03-07,10,,,,,,,,,,,,,,,,,,,,,,,,,,,,,
,,,,,N,2026-03-08,11,,,,,,,,,,,,,,,,,,,,,,,,,,,,,
,,,,,N,2026-03-09,11,,,,,,,,,,,,,,,,,,,,,,,,,,,,,
,,,,,N,2026-03-10,11,,,,,,,,,,,,,,,,,,,,,,,,,,,,,
,,,,,N,2026-03-11,11,,,,,,,,,,,,,,,,,,,,,,,,,,,,,
,,,,,N,2026-03-12,11,,,,,,,,,,,,,,,,,,,,,,,,,,,,,
,,,,,N,2026-03-13,11,,,,,,,,,,,,,,,,,,,,,,,,,,,,,
,,,,,N,2026-03-14,11,,,,,,,,,,,,,,,,,,,,,,,,,,,,,
,,,,,N,2026-03-15,12,,,,,,,,,,,,,,,,,,,,,,,,,,,,,
,,,,,N,2026-03-16,12,,,,,,,,,,,,,,,,,,,,,,,,,,,,,
,,,,,N,2026-03-17,12,,,,,,,,,,,,,,,,,,,,,,,,,,,,,
,,,,,N,2026-03-18,12,,,,,,,,,,,,,,,,,,,,,,,,,,,,,
,,,,,N,2026-03-19,12,,,,,,,,,,,,,,,,,,,,,,,,,,,,,
,,,,,N,2026-03-20,12,,,,,,,,,,,,,,,,,,,,,,,,,,,,,
,,,,,N,2026-03-21,12,,,,,,,,,,,,,,,,,,,,,,,,,,,,,
,,,,,N,2026-03-22,13,,,,,,,,,,,,,,,,,,,,,,,,,,,,,
,,,,,N,2026-03-23,13,,,,,,,,,,,,,,,,,,,,,,,,,,,,,
,,,,,N,2026-03-24,13,,,,,,,,,,,,,,,,,,,,,,,,,,,,,
,,,,,N,2026-03-25,13,,,,,,,,,,,,,,,,,,,,,,,,,,,,,
,,,,,N,2026-03-26,13,,,,,,,,,,,,,,,,,,,,,,,,,,,,,
,,,,,N,2026-03-27,13,,,,,,,,,,,,,,,,,,,,,,,,,,,,,
,,,,,N,2026-03-28,13,,,,,,,,,,,,,,,,,,,,,,,,,,,,,
,,,,,N,2026-03-29,14,,,,,,,,,,,,,,,,,,,,,,,,,,,,,
,,,,,N,2026-03-30,14,,,,,,,,,,,,,,,,,,,,,,,,,,,,,
,,,,,N,2026-03-31,14,,,,,,,,,,,,,,,,,,,,,,,,,,,,,
,,,,,N,2026-04-01,14,,,,,,,,,,,,,,,,,,,,,,,,,,,,,
,,,,,N,2026-04-02,14,,,,,,,,,,,,,,,,,,,,,,,,,,,,,
,,,,,N,2026-04-03,14,,,,,,,,,,,,,,,,,,,,,,,,,,,,,
,,,,,N,2026-04-04,14,,,,,,,,,,,,,,,,,,,,,,,,,,,,,
,,,,,N,2026-04-05,15,,,,,,,,,,,,,,,,,,,,,,,,,,,,,
,,,,,N,2026-04-06,15,,,,,,,,,,,,,,,,,,,,,,,,,,,,,
,,,,,N,2026-04-07,15,,,,,,,,,,,,,,,,,,,,,,,,,,,,,
,,,,,N,2026-04-08,15,,,,,,,,,,,,,,,,,,,,,,,,,,,,,
,,,,,N,2026-04-09,15,,,,,,,,,,,,,,,,,,,,,,,,,,,,,
,,,,,N,2026-04-10,15,,,,,,,,,,,,,,,,,,,,,,,,,,,,,
,,,,,N,2026-04-11,15,,,,,,,,,,,,,,,,,,,,,,,,,,,,,
,,,,,N,2026-04-12,16,,,,,,,,,,,,,,,,,,,,,,,,,,,,,
,,,,,N,2026-04-13,16,,,,,,,,,,,,,,,,,,,,,,,,,,,,,
,,,,,N,2026-04-14,16,,,,,,,,,,,,,,,,,,,,,,,,,,,,,
,,,,,N,2026-04-15,16,,,,,,,,,,,,,,,,,,,,,,,,,,,,,
,,,,,N,2026-04-16,16,,,,,,,,,,,,,,,,,,,,,,,,,,,,,
,,,,,N,2026-04-17,16,,,,,,,,,,,,,,,,,,,,,,,,,,,,,
,,,,,N,2026-04-18,16,,,,,,,,,,,,,,,,,,,,,,,,,,,,,
,,,,,N,2026-04-19,17,,,,,,,,,,,,,,,,,,,,,,,,,,,,,
,,,,,N,2026-04-20,17,,,,,,,,,,,,,,,,,,,,,,,,,,,,,
,,,,,N,2026-04-21,17,,,,,,,,,,,,,,,,,,,,,,,,,,,,,
,,,,,N,2026-04-22,17,,,,,,,,,,,,,,,,,,,,,,,,,,,,,
,,,,,N,2026-04-23,17,,,,,,,,,,,,,,,,,,,,,,,,,,,,,
,,,,,N,2026-04-24,17,,,,,,,,,,,,,,,,,,,,,,,,,,,,,
,,,,,N,2026-04-25,17,,,,,,,,,,,,,,,,,,,,,,,,,,,,,
,,,,,N,2026-04-26,18,,,,,,,,,,,,,,,,,,,,,,,,,,,,,
,,,,,N,2026-04-27,18,,,,,,,,,,,,,,,,,,,,,,,,,,,,,
,,,,,N,2026-04-28,18,,,,,,,,,,,,,,,,,,,,,,,,,,,,,
,,,,,N,2026-04-29,18,,,,,,,,,,,,,,,,,,,,,,,,,,,,,
,,,,,N,2026-04-30,18,,,,,,,,,,,,,,,,,,,,,,,,,,,,,
,,,,,N,2026-05-01,18,,,,,,,,,,,,,,,,,,,,,,,,,,,,,
,,,,,N,2026-05-02,18,,,,,,,,,,,,,,,,,,,,,,,,,,,,,
,,,,,N,2026-05-03,19,,,,,,,,,,,,,,,,,,,,,,,,,,,,,
,,,,,N,2026-05-04,19,,,,,,,,,,,,,,,,,,,,,,,,,,,,,
,,,,,N,2026-05-05,19,,,,,,,,,,,,,,,,,,,,,,,,,,,,,
,,,,,N,2026-05-06,19,,,,,,,,,,,,,,,,,,,,,,,,,,,,,
,,,,,N,2026-05-07,19,,,,,,,,,,,,,,,,,,,,,,,,,,,,,
,,,,,N,2026-05-08,19,,,,,,,,,,,,,,,,,,,,,,,,,,,,,
,,,,,N,2026-05-09,19,,,,,,,,,,,,,,,,,,,,,,,,,,,,,
,,,,,N,2026-05-10,20,,,,,,,,,,,,,,,,,,,,,,,,,,,,,
,,,,,N,2026-05-11,20,,,,,,,,,,,,,,,,,,,,,,,,,,,,,
,,,,,N,2026-05-12,20,,,,,,,,,,,,,,,,,,,,,,,,,,,,,
,,,,,N,2026-05-13,20,,,,,,,,,,,,,,,,,,,,,,,,,,,,,
,,,,,N,2026-05-14,20,,,,,,,,,,,,,,,,,,,,,,,,,,,,,
,,,,,N,2026-05-15,20,,,,,,,,,,,,,,,,,,,,,,,,,,,,,
,,,,,N,2026-05-16,20,,,,,,,,,,,,,,,,,,,,,,,,,,,,,
,,,,,N,2026-05-17,21,,,,,,,,,,,,,,,,,,,,,,,,,,,,,
,,,,,N,2026-05-18,21,,,,,,,,,,,,,,,,,,,,,,,,,,,,,
,,,,,N,2026-05-19,21,,,,,,,,,,,,,,,,,,,,,,,,,,,,,
,,,,,N,2026-05-20,21,,,,,,,,,,,,,,,,,,,,,,,,,,,,,
,,,,,N,2026-05-21,21,,,,,,,,,,,,,,,,,,,,,,,,,,,,,
,,,,,N,2026-05-22,21,,,,,,,,,,,,,,,,,,,,,,,,,,,,,
,,,,,N,2026-05-23,21,,,,,,,,,,,,,,,,,,,,,,,,,,,,,
,,,,,N,2026-05-24,22,,,,,,,,,,,,,,,,,,,,,,,,,,,,,
,,,,,N,2026-05-25,22,,,,,,,,,,,,,,,,,,,,,,,,,,,,,
,,,,,N,2026-05-26,22,,,,,,,,,,,,,,,,,,,,,,,,,,,,,
,,,,,N,2026-05-27,22,,,,,,,,,,,,,,,,,,,,,,,,,,,,,
,,,,,N,2026-05-28,22,,,,,,,,,,,,,,,,,,,,,,,,,,,,,
,,,,,N,2026-05-29,22,,,,,,,,,,,,,,,,,,,,,,,,,,,,,
,,,,,N,2026-05-30,22,,,,,,,,,,,,,,,,,,,,,,,,,,,,,
,,,,,N,2026-05-31,23,,,,,,,,,,,,,,,,,,,,,,,,,,,,,
,,,,,N,2026-06-01,23,,,,,,,,,,,,,,,,,,,,,,,,,,,,,
,,,,,N,2026-06-02,23,,,,,,,,,,,,,,,,,,,,,,,,,,,,,
,,,,,N,2026-06-03,23,,,,,,,,,,,,,,,,,,,,,,,,,,,,,
,,,,,N,2026-06-04,23,,,,,,,,,,,,,,,,,,,,,,,,,,,,,
,,,,,N,2026-06-05,23,,,,,,,,,,,,,,,,,,,,,,,,,,,,,
,,,,,N,2026-06-06,23,,,,,,,,,,,,,,,,,,,,,,,,,,,,,
,,,,,N,2026-06-07,24,,,,,,,,,,,,,,,,,,,,,,,,,,,,,
,,,,,N,2026-06-08,24,,,,,,,,,,,,,,,,,,,,,,,,,,,,,
,,,,,N,2026-06-09,24,,,,,,,,,,,,,,,,,,,,,,,,,,,,,
,,,,,N,2026-06-10,24,,,,,,,,,,,,,,,,,,,,,,,,,,,,,
,,,,,N,2026-06-11,24,,,,,,,,,,,,,,,,,,,,,,,,,,,,,
,,,,,N,2026-06-12,24,,,,,,,,,,,,,,,,,,,,,,,,,,,,,
,,,,,N,2026-06-13,24,,,,,,,,,,,,,,,,,,,,,,,,,,,,,
,,,,,N,2026-06-14,25,,,,,,,,,,,,,,,,,,,,,,,,,,,,,
,,,,,N,2026-06-15,25,,,,,,,,,,,,,,,,,,,,,,,,,,,,,
,,,,,N,2026-06-16,25,,,,,,,,,,,,,,,,,,,,,,,,,,,,,
,,,,,N,2026-06-17,25,,,,,,,,,,,,,,,,,,,,,,,,,,,,,
,,,,,N,2026-06-18,25,,,,,,,,,,,,,,,,,,,,,,,,,,,,,
,,,,,N,2026-06-19,25,,,,,,,,,,,,,,,,,,,,,,,,,,,,,
,,,,,N,2026-06-20,25,,,,,,,,,,,,,,,,,,,,,,,,,,,,,
,,,,,N,2026-06-21,26,,,,,,,,,,,,,,,,,,,,,,,,,,,,,
,,,,,N,2026-06-22,26,,,,,,,,,,,,,,,,,,,,,,,,,,,,,
,,,,,N,2026-06-23,26,,,,,,,,,,,,,,,,,,,,,,,,,,,,,
,,,,,N,2026-06-24,26,,,,,,,,,,,,,,,,,,,,,,,,,,,,,
,,,,,N,2026-06-25,26,,,,,,,,,,,,,,,,,,,,,,,,,,,,,
,,,,,N,2026-06-26,26,,,,,,,,,,,,,,,,,,,,,,,,,,,,,
,,,,,N,2026-06-27,26,,,,,,,,,,,,,,,,,,,,,,,,,,,,,
,,,,,N,2026-06-28,27,,,,,,,,,,,,,,,,,,,,,,,,,,,,,
,,,,,N,2026-06-29,27,,,,,,,,,,,,,,,,,,,,,,,,,,,,,
,,,,,N,2026-06-30,27,,,,,,,,,,,,,,,,,,,,,,,,,,,,,
,,,,,N,2026-07-01,27,,,,,,,,,,,,,,,,,,,,,,,,,,,,,
,,,,,N,2026-07-02,27,,,,,,,,,,,,,,,,,,,,,,,,,,,,,
,,,,,N,2026-07-03,27,,,,,,,,,,,,,,,,,,,,,,,,,,,,,
,,,,,N,2026-07-04,27,,,,,,,,,,,,,,,,,,,,,,,,,,,,,
,,,,,N,2026-07-05,28,,,,,,,,,,,,,,,,,,,,,,,,,,,,,
,,,,,N,2026-07-06,28,,,,,,,,,,,,,,,,,,,,,,,,,,,,,
,,,,,N,2026-07-07,28,,,,,,,,,,,,,,,,,,,,,,,,,,,,,
,,,,,N,2026-07-08,28,,,,,,,,,,,,,,,,,,,,,,,,,,,,,
,,,,,N,2026-07-09,28,,,,,,,,,,,,,,,,,,,,,,,,,,,,,
,,,,,N,2026-07-10,28,,,,,,,,,,,,,,,,,,,,,,,,,,,,,
,,,,,N,2026-07-11,28,,,,,,,,,,,,,,,,,,,,,,,,,,,,,
,,,,,N,2026-07-12,29,,,,,,,,,,,,,,,,,,,,,,,,,,,,,
,,,,,N,2026-07-13,29,,,,,,,,,,,,,,,,,,,,,,,,,,,,,
,,,,,N,2026-07-14,29,,,,,,,,,,,,,,,,,,,,,,,,,,,,,
,,,,,N,2026-07-15,29,,,,,,,,,,,,,,,,,,,,,,,,,,,,,
,,,,,N,2026-07-16,29,,,,,,,,,,,,,,,,,,,,,,,,,,,,,
,,,,,N,2026-07-17,29,,,,,,,,,,,,,,,,,,,,,,,,,,,,,
,,,,,N,2026-07-18,29,,,,,,,,,,,,,,,,,,,,,,,,,,,,,
,,,,,N,2026-07-19,30,,,,,,,,,,,,,,,,,,,,,,,,,,,,,
,,,,,N,2026-07-20,30,,,,,,,,,,,,,,,,,,,,,,,,,,,,,
,,,,,N,2026-07-21,30,,,,,,,,,,,,,,,,,,,,,,,,,,,,,
,,,,,N,2026-07-22,30,,,,,,,,,,,,,,,,,,,,,,,,,,,,,
,,,,,N,2026-07-23,30,,,,,,,,,,,,,,,,,,,,,,,,,,,,,
,,,,,N,2026-07-24,30,,,,,,,,,,,,,,,,,,,,,,,,,,,,,
,,,,,N,2026-07-25,30,,,,,,,,,,,,,,,,,,,,,,,,,,,,,
,,,,,N,2026-07-26,31,,,,,,,,,,,,,,,,,,,,,,,,,,,,,
,,,,,N,2026-07-27,31,,,,,,,,,,,,,,,,,,,,,,,,,,,,,
,,,,,N,2026-07-28,31,,,,,,,,,,,,,,,,,,,,,,,,,,,,,
,,,,,N,2026-07-29,31,,,,,,,,,,,,,,,,,,,,,,,,,,,,,
,,,,,N,2026-07-30,31,,,,,,,,,,,,,,,,,,,,,,,,,,,,,
,,,,,N,2026-07-31,31,,,,,,,,,,,,,,,,,,,,,,,,,,,,,
,,,,,N,2026-08-01,31,,,,,,,,,,,,,,,,,,,,,,,,,,,,,
,,,,,N,2026-08-02,32,,,,,,,,,,,,,,,,,,,,,,,,,,,,,
,,,,,N,2026-08-03,32,,,,,,,,,,,,,,,,,,,,,,,,,,,,,
,,,,,N,2026-08-04,32,,,,,,,,,,,,,,,,,,,,,,,,,,,,,
,,,,,N,2026-08-05,32,,,,,,,,,,,,,,,,,,,,,,,,,,,,,
,,,,,N,2026-08-06,32,,,,,,,,,,,,,,,,,,,,,,,,,,,,,
,,,,,N,2026-08-07,32,,,,,,,,,,,,,,,,,,,,,,,,,,,,,
,,,,,N,2026-08-08,32,,,,,,,,,,,,,,,,,,,,,,,,,,,,,
,,,,,N,2026-08-09,33,,,,,,,,,,,,,,,,,,,,,,,,,,,,,
,,,,,N,2026-08-10,33,,,,,,,,,,,,,,,,,,,,,,,,,,,,,
,,,,,N,2026-08-11,33,,,,,,,,,,,,,,,,,,,,,,,,,,,,,
,,,,,N,2026-08-12,33,,,,,,,,,,,,,,,,,,,,,,,,,,,,,
,,,,,N,2026-08-13,33,,,,,,,,,,,,,,,,,,,,,,,,,,,,,
,,,,,N,2026-08-14,33,,,,,,,,,,,,,,,,,,,,,,,,,,,,,
,,,,,N,2026-08-15,33,,,,,,,,,,,,,,,,,,,,,,,,,,,,,
,,,,,N,2026-08-16,34,,,,,,,,,,,,,,,,,,,,,,,,,,,,,
,,,,,N,2026-08-17,34,,,,,,,,,,,,,,,,,,,,,,,,,,,,,
,,,,,N,2026-08-18,34,,,,,,,,,,,,,,,,,,,,,,,,,,,,,
,,,,,N,2026-08-19,34,,,,,,,,,,,,,,,,,,,,,,,,,,,,,
,,,,,N,2026-08-20,34,,,,,,,,,,,,,,,,,,,,,,,,,,,,,
,,,,,N,2026-08-21,34,,,,,,,,,,,,,,,,,,,,,,,,,,,,,
,,,,,N,2026-08-22,34,,,,,,,,,,,,,,,,,,,,,,,,,,,,,
,,,,,N,2026-08-23,35,,,,,,,,,,,,,,,,,,,,,,,,,,,,,
,,,,,N,2026-08-24,35,,,,,,,,,,,,,,,,,,,,,,,,,,,,,
,,,,,N,2026-08-25,35,,,,,,,,,,,,,,,,,,,,,,,,,,,,,
,,,,,N,2026-08-26,35,,,,,,,,,,,,,,,,,,,,,,,,,,,,,
,,,,,N,2026-08-27,35,,,,,,,,,,,,,,,,,,,,,,,,,,,,,
,,,,,N,2026-08-28,35,,,,,,,,,,,,,,,,,,,,,,,,,,,,,
,,,,,N,2026-08-29,35,,,,,,,,,,,,,,,,,,,,,,,,,,,,,
,,,,,N,2026-08-30,36,,,,,,,,,,,,,,,,,,,,,,,,,,,,,
,,,,,N,2026-08-31,36,,,,,,,,,,,,,,,,,,,,,,,,,,,,,
,,,,,N,2026-09-01,36,,,,,,,,,,,,,,,,,,,,,,,,,,,,,
,,,,,N,2026-09-02,36,,,,,,,,,,,,,,,,,,,,,,,,,,,,,
,,,,,N,2026-09-03,36,,,,,,,,,,,,,,,,,,,,,,,,,,,,,
,,,,,N,2026-09-04,36,,,,,,,,,,,,,,,,,,,,,,,,,,,,,
,,,,,N,2026-09-05,36,,,,,,,,,,,,,,,,,,,,,,,,,,,,,
,,,,,N,2026-09-06,37,,,,,,,,,,,,,,,,,,,,,,,,,,,,,
,,,,,N,2026-09-07,37,,,,,,,,,,,,,,,,,,,,,,,,,,,,,
,,,,,N,2026-09-08,37,,,,,,,,,,,,,,,,,,,,,,,,,,,,,
,,,,,N,2026-09-09,37,,,,,,,,,,,,,,,,,,,,,,,,,,,,,
,,,,,N,2026-09-10,37,,,,,,,,,,,,,,,,,,,,,,,,,,,,,
,,,,,N,2026-09-11,37,,,,,,,,,,,,,,,,,,,,,,,,,,,,,
,,,,,N,2026-09-12,37,,,,,,,,,,,,,,,,,,,,,,,,,,,,,
,,,,,N,2026-09-13,38,,,,,,,,,,,,,,,,,,,,,,,,,,,,,
,,,,,N,2026-09-14,38,,,,,,,,,,,,,,,,,,,,,,,,,,,,,
,,,,,N,2026-09-15,38,,,,,,,,,,,,,,,,,,,,,,,,,,,,,
,,,,,N,2026-09-16,38,,,,,,,,,,,,,,,,,,,,,,,,,,,,,
,,,,,N,2026-09-17,38,,,,,,,,,,,,,,,,,,,,,,,,,,,,,
,,,,,N,2026-09-18,38,,,,,,,,,,,,,,,,,,,,,,,,,,,,,
,,,,,N,2026-09-19,38,,,,,,,,,,,,,,,,,,,,,,,,,,,,,
,,,,,N,2026-09-20,39,,,,,,,,,,,,,,,,,,,,,,,,,,,,,
,,,,,N,2026-09-21,39,,,,,,,,,,,,,,,,,,,,,,,,,,,,,
,,,,,N,2026-09-22,39,,,,,,,,,,,,,,,,,,,,,,,,,,,,,
,,,,,N,2026-09-23,39,,,,,,,,,,,,,,,,,,,,,,,,,,,,,
,,,,,N,2026-09-24,39,,,,,,,,,,,,,,,,,,,,,,,,,,,,,
,,,,,N,2026-09-25,39,,,,,,,,,,,,,,,,,,,,,,,,,,,,,
,,,,,N,2026-09-26,39,,,,,,,,,,,,,,,,,,,,,,,,,,,,,
,,,,,N,2026-09-27,40,,,,,,,,,,,,,,,,,,,,,,,,,,,,,
,,,,,N,2026-09-28,40,,,,,,,,,,,,,,,,,,,,,,,,,,,,,
,,,,,N,2026-09-29,40,,,,,,,,,,,,,,,,,,,,,,,,,,,,,
,,,,,N,2026-09-30,40,,,,,,,,,,,,,,,,,,,,,,,,,,,,,
,,,,,N,2026-10-01,40,,,,,,,,,,,,,,,,,,,,,,,,,,,,,
,,,,,N,2026-10-02,40,,,,,,,,,,,,,,,,,,,,,,,,,,,,,
,,,,,N,2026-10-03,40,,,,,,,,,,,,,,,,,,,,,,,,,,,,,
,,,,,N,2026-10-04,41,,,,,,,,,,,,,,,,,,,,,,,,,,,,,
,,,,,N,2026-10-05,41,,,,,,,,,,,,,,,,,,,,,,,,,,,,,
,,,,,N,2026-10-06,41,,,,,,,,,,,,,,,,,,,,,,,,,,,,,
,,,,,N,2026-10-07,41,,,,,,,,,,,,,,,,,,,,,,,,,,,,,
,,,,,N,2026-10-08,41,,,,,,,,,,,,,,,,,,,,,,,,,,,,,
,,,,,N,2026-10-09,41,,,,,,,,,,,,,,,,,,,,,,,,,,,,,
,,,,,N,2026-10-10,41,,,,,,,,,,,,,,,,,,,,,,,,,,,,,
,,,,,N,2026-10-11,42,,,,,,,,,,,,,,,,,,,,,,,,,,,,,
,,,,,N,2026-10-12,42,,,,,,,,,,,,,,,,,,,,,,,,,,,,,
,,,,,N,2026-10-13,42,,,,,,,,,,,,,,,,,,,,,,,,,,,,,
,,,,,N,2026-10-14,42,,,,,,,,,,,,,,,,,,,,,,,,,,,,,
,,,,,N,2026-10-15,42,,,,,,,,,,,,,,,,,,,,,,,,,,,,,
,,,,,N,2026-10-16,42,,,,,,,,,,,,,,,,,,,,,,,,,,,,,
,,,,,N,2026-10-17,42,,,,,,,,,,,,,,,,,,,,,,,,,,,,,
,,,,,N,2026-10-18,43,,,,,,,,,,,,,,,,,,,,,,,,,,,,,
,,,,,N,2026-10-19,43,,,,,,,,,,,,,,,,,,,,,,,,,,,,,
,,,,,N,2026-10-20,43,,,,,,,,,,,,,,,,,,,,,,,,,,,,,
,,,,,N,2026-10-21,43,,,,,,,,,,,,,,,,,,,,,,,,,,,,,
,,,,,N,2026-10-22,43,,,,,,,,,,,,,,,,,,,,,,,,,,,,,
,,,,,N,2026-10-23,43,,,,,,,,,,,,,,,,,,,,,,,,,,,,,
,,,,,N,2026-10-24,43,,,,,,,,,,,,,,,,,,,,,,,,,,,,,
,,,,,N,2026-10-25,44,,,,,,,,,,,,,,,,,,,,,,,,,,,,,
,,,,,N,2026-10-26,44,,,,,,,,,,,,,,,,,,,,,,,,,,,,,
,,,,,N,2026-10-27,44,,,,,,,,,,,,,,,,,,,,,,,,,,,,,
,,,,,N,2026-10-28,44,,,,,,,,,,,,,,,,,,,,,,,,,,,,,
,,,,,N,2026-10-29,44,,,,,,,,,,,,,,,,,,,,,,,,,,,,,
,,,,,N,2026-10-30,44,,,,,,,,,,,,,,,,,,,,,,,,,,,,,
,,,,,N,2026-10-31,44,,,,,,,,,,,,,,,,,,,,,,,,,,,,,
,,,,,N,2026-11-01,45,,,,,,,,,,,,,,,,,,,,,,,,,,,,,
,,,,,N,2026-11-02,45,,,,,,,,,,,,,,,,,,,,,,,,,,,,,
,,,,,N,2026-11-03,45,,,,,,,,,,,,,,,,,,,,,,,,,,,,,
,,,,,N,2026-11-04,45,,,,,,,,,,,,,,,,,,,,,,,,,,,,,
,,,,,N,2026-11-05,45,,,,,,,,,,,,,,,,,,,,,,,,,,,,,
,,,,,N,2026-11-06,45,,,,,,,,,,,,,,,,,,,,,,,,,,,,,
,,,,,N,2026-11-07,45,,,,,,,,,,,,,,,,,,,,,,,,,,,,,
,,,,,N,2026-11-08,46,,,,,,,,,,,,,,,,,,,,,,,,,,,,,
,,,,,N,2026-11-09,46,,,,,,,,,,,,,,,,,,,,,,,,,,,,,
,,,,,N,2026-11-10,46,,,,,,,,,,,,,,,,,,,,,,,,,,,,,
,,,,,N,2026-11-11,46,,,,,,,,,,,,,,,,,,,,,,,,,,,,,
,,,,,N,2026-11-12,46,,,,,,,,,,,,,,,,,,,,,,,,,,,,,
,,,,,N,2026-11-13,46,,,,,,,,,,,,,,,,,,,,,,,,,,,,,
,,,,,N,2026-11-14,46,,,,,,,,,,,,,,,,,,,,,,,,,,,,,
,,,,,N,2026-11-15,47,,,,,,,,,,,,,,,,,,,,,,,,,,,,,
,,,,,N,2026-11-16,47,,,,,,,,,,,,,,,,,,,,,,,,,,,,,
,,,,,N,2026-11-17,47,,,,,,,,,,,,,,,,,,,,,,,,,,,,,
,,,,,N,2026-11-18,47,,,,,,,,,,,,,,,,,,,,,,,,,,,,,
,,,,,N,2026-11-19,47,,,,,,,,,,,,,,,,,,,,,,,,,,,,,
,,,,,N,2026-11-20,47,,,,,,,,,,,,,,,,,,,,,,,,,,,,,
,,,,,N,2026-11-21,47,,,,,,,,,,,,,,,,,,,,,,,,,,,,,
,,,,,N,2026-11-22,48,,,,,,,,,,,,,,,,,,,,,,,,,,,,,
,,,,,N,2026-11-23,48,,,,,,,,,,,,,,,,,,,,,,,,,,,,,
,,,,,N,2026-11-24,48,,,,,,,,,,,,,,,,,,,,,,,,,,,,,
,,,,,N,2026-11-25,48,,,,,,,,,,,,,,,,,,,,,,,,,,,,,
,,,,,N,2026-11-26,48,,,,,,,,,,,,,,,,,,,,,,,,,,,,,
,,,,,N,2026-11-27,48,,,,,,,,,,,,,,,,,,,,,,,,,,,,,
,,,,,N,2026-11-28,48,,,,,,,,,,,,,,,,,,,,,,,,,,,,,
,,,,,N,2026-11-29,49,,,,,,,,,,,,,,,,,,,,,,,,,,,,,
,,,,,N,2026-11-30,49,,,,,,,,,,,,,,,,,,,,,,,,,,,,,
,,,,,N,2026-12-01,49,,,,,,,,,,,,,,,,,,,,,,,,,,,,,
,,,,,N,2026-12-02,49,,,,,,,,,,,,,,,,,,,,,,,,,,,,,
,,,,,N,2026-12-03,49,,,,,,,,,,,,,,,,,,,,,,,,,,,,,
,,,,,N,2026-12-04,49,,,,,,,,,,,,,,,,,,,,,,,,,,,,,
,,,,,N,2026-12-05,49,,,,,,,,,,,,,,,,,,,,,,,,,,,,,
,,,,,N,2026-12-06,50,,,,,,,,,,,,,,,,,,,,,,,,,,,,,
,,,,,N,2026-12-07,50,,,,,,,,,,,,,,,,,,,,,,,,,,,,,
,,,,,N,2026-12-08,50,,,,,,,,,,,,,,,,,,,,,,,,,,,,,
,,,,,N,2026-12-09,50,,,,,,,,,,,,,,,,,,,,,,,,,,,,,
,,,,,N,2026-12-10,50,,,,,,,,,,,,,,,,,,,,,,,,,,,,,
,,,,,N,2026-12-11,50,,,,,,,,,,,,,,,,,,,,,,,,,,,,,
,,,,,N,2026-12-12,50,,,,,,,,,,,,,,,,,,,,,,,,,,,,,
,,,,,N,2026-12-13,51,,,,,,,,,,,,,,,,,,,,,,,,,,,,,
,,,,,N,2026-12-14,51,,,,,,,,,,,,,,,,,,,,,,,,,,,,,
,,,,,N,2026-12-15,51,,,,,,,,,,,,,,,,,,,,,,,,,,,,,
,,,,,N,2026-12-16,51,,,,,,,,,,,,,,,,,,,,,,,,,,,,,
,,,,,N,2026-12-17,51,,,,,,,,,,,,,,,,,,,,,,,,,,,,,
,,,,,N,2026-12-18,51,,,,,,,,,,,,,,,,,,,,,,,,,,,,,
,,,,,N,2026-12-19,51,,,,,,,,,,,,,,,,,,,,,,,,,,,,,
,,,,,N,2026-12-20,52,,,,,,,,,,,,,,,,,,,,,,,,,,,,,
,,,,,N,2026-12-21,52,,,,,,,,,,,,,,,,,,,,,,,,,,,,,
,,,,,N,2026-12-22,52,,,,,,,,,,,,,,,,,,,,,,,,,,,,,
,,,,,N,2026-12-23,52,,,,,,,,,,,,,,,,,,,,,,,,,,,,,
,,,,,N,2026-12-24,52,,,,,,,,,,,,,,,,,,,,,,,,,,,,,
,,,,,N,2026-12-25,52,,,,,,,,,,,,,,,,,,,,,,,,,,,,,
,,,,,N,2026-12-26,52,,,,,,,,,,,,,,,,,,,,,,,,,,,,,
,,,,,N,2026-12-27,53,,,,,,,,,,,,,,,,,,,,,,,,,,,,,
,,,,,N,2026-12-28,53,,,,,,,,,,,,,,,,,,,,,,,,,,,,,
,,,,,N,2026-12-29,53,,,,,,,,,,,,,,,,,,,,,,,,,,,,,
,,,,,N,2026-12-30,53,,,,,,,,,,,,,,,,,,,,,,,,,,,,,
,,,,,N,2026-12-31,53,,,,,,,,,,,,,,,,,,,,,,,,,,,,,
,,,,,N,2027-01-01,1,,,,,,,,,,,,,,,,,,,,,,,,,,,,,
,,,,,N,2027-01-02,1,,,,,,,,,,,,,,,,,,,,,,,,,,,,,
,,,,,N,2027-01-03,2,,,,,,,,,,,,,,,,,,,,,,,,,,,,,
,,,,,N,2027-01-04,2,,,,,,,,,,,,,,,,,,,,,,,,,,,,,
,,,,,N,2027-01-05,2,,,,,,,,,,,,,,,,,,,,,,,,,,,,,
,,,,,N,2027-01-06,2,,,,,,,,,,,,,,,,,,,,,,,,,,,,,
,,,,,N,2027-01-07,2,,,,,,,,,,,,,,,,,,,,,,,,,,,,,
,,,,,N,2027-01-08,2,,,,,,,,,,,,,,,,,,,,,,,,,,,,,
,,,,,N,2027-01-09,2,,,,,,,,,,,,,,,,,,,,,,,,,,,,,
,,,,,N,2027-01-10,3,,,,,,,,,,,,,,,,,,,,,,,,,,,,,
,,,,,N,2027-01-11,3,,,,,,,,,,,,,,,,,,,,,,,,,,,,,
,,,,,N,2027-01-12,3,,,,,,,,,,,,,,,,,,,,,,,,,,,,,
,,,,,N,2027-01-13,3,,,,,,,,,,,,,,,,,,,,,,,,,,,,,
,,,,,N,2027-01-14,3,,,,,,,,,,,,,,,,,,,,,,,,,,,,,
,,,,,N,2027-01-15,3,,,,,,,,,,,,,,,,,,,,,,,,,,,,,
,,,,,N,2027-01-16,3,,,,,,,,,,,,,,,,,,,,,,,,,,,,,
,,,,,N,2027-01-17,4,,,,,,,,,,,,,,,,,,,,,,,,,,,,,
,,,,,N,2027-01-18,4,,,,,,,,,,,,,,,,,,,,,,,,,,,,,
,,,,,N,2027-01-19,4,,,,,,,,,,,,,,,,,,,,,,,,,,,,,
,,,,,N,2027-01-20,4,,,,,,,,,,,,,,,,,,,,,,,,,,,,,
,,,,,N,2027-01-21,4,,,,,,,,,,,,,,,,,,,,,,,,,,,,,
,,,,,N,2027-01-22,4,,,,,,,,,,,,,,,,,,,,,,,,,,,,,
,,,,,N,2027-01-23,4,,,,,,,,,,,,,,,,,,,,,,,,,,,,,
,,,,,N,2027-01-24,5,,,,,,,,,,,,,,,,,,,,,,,,,,,,,
,,,,,N,2027-01-25,5,,,,,,,,,,,,,,,,,,,,,,,,,,,,,
,,,,,N,2027-01-26,5,,,,,,,,,,,,,,,,,,,,,,,,,,,,,
,,,,,N,2027-01-27,5,,,,,,,,,,,,,,,,,,,,,,,,,,,,,
,,,,,N,2027-01-28,5,,,,,,,,,,,,,,,,,,,,,,,,,,,,,
,,,,,N,2027-01-29,5,,,,,,,,,,,,,,,,,,,,,,,,,,,,,
,,,,,N,2027-01-30,5,,,,,,,,,,,,,,,,,,,,,,,,,,,,,
,,,,,N,2027-01-31,6,,,,,,,,,,,,,,,,,,,,,,,,,,,,,
,,,,,N,2027-02-01,6,,,,,,,,,,,,,,,,,,,,,,,,,,,,,
,,,,,N,2027-02-02,6,,,,,,,,,,,,,,,,,,,,,,,,,,,,,
,,,,,N,2027-02-03,6,,,,,,,,,,,,,,,,,,,,,,,,,,,,,
,,,,,N,2027-02-04,6,,,,,,,,,,,,,,,,,,,,,,,,,,,,,
,,,,,N,2027-02-05,6,,,,,,,,,,,,,,,,,,,,,,,,,,,,,
,,,,,N,2027-02-06,6,,,,,,,,,,,,,,,,,,,,,,,,,,,,,
,,,,,N,2027-02-07,7,,,,,,,,,,,,,,,,,,,,,,,,,,,,,
,,,,,N,2027-02-08,7,,,,,,,,,,,,,,,,,,,,,,,,,,,,,
,,,,,N,2027-02-09,7,,,,,,,,,,,,,,,,,,,,,,,,,,,,,
,,,,,N,2027-02-10,7,,,,,,,,,,,,,,,,,,,,,,,,,,,,,
,,,,,N,2027-02-11,7,,,,,,,,,,,,,,,,,,,,,,,,,,,,,
,,,,,N,2027-02-12,7,,,,,,,,,,,,,,,,,,,,,,,,,,,,,
,,,,,N,2027-02-13,7,,,,,,,,,,,,,,,,,,,,,,,,,,,,,
,,,,,N,2027-02-14,8,,,,,,,,,,,,,,,,,,,,,,,,,,,,,
,,,,,N,2027-02-15,8,,,,,,,,,,,,,,,,,,,,,,,,,,,,,
,,,,,N,2027-02-16,8,,,,,,,,,,,,,,,,,,,,,,,,,,,,,
,,,,,N,2027-02-17,8,,,,,,,,,,,,,,,,,,,,,,,,,,,,,
