Customer Group,Customer,Address,Warehouse,Order Date,Due Date,Days Til Due,Order Number,Ln,Cust Ref,Product,Description,Ordered Qty,Ordered $AUD,Sales Price,Qty In Despatch,Qty Despatched,Invoiced Qty,Outstanding Qty,Outstanding $AUD
4 STEEL SUPPLIES (3-4STEEL),4 STEEL SUPPLIES (MC0001),4 STEEL SUPPLIES (DEFAULT),M1,2025-11-12 00:00:00,2025-11-20 00:00:00,-31,226675  ,2,3372                ,SMF24120507504G,50x75x2400x1200x4mm Ind Mesh IMG4-23-2412,50,1194.5,23.89,0,0,0,50,1194.5
4 STEEL SUPPLIES (3-4STEEL),4 STEEL SUPPLIES (MC0001),4 STEEL SUPPLIES (DEFAULT),M1,2025-11-12 00:00:00,2025-11-20 00:00:00,-31,226675  ,3,3372                ,SMF30240505004G,50x50x3000x2400x4mm Weld Mesh IMG4-22-3024,50,3151,63.02,0,0,0,50,3151
ASW CASH (3-ASWCA),ASW CASH (MC0000),ASW CASH (INVOICE),M1,2025-10-05 00:00:00,2025-10-10 00:00:00,-72,225374  ,2,MANJIMUP SPEEDWAY   ,SMF3H51245050G ,50X50X5100X2400X3.15MM GAL IND MESH ,180,19431,107.95,0,0,0,180,19431
ASW CASH (3-ASWCA),ASW CASH (MC0000),ASW CASH (INVOICE),M1,2025-12-03 00:00:00,2025-12-09 00:00:00,-12,227388  ,1,WESTKON 2531        ,T120X100M126060,TG120-12/60/60-10.0M ,400,24920,62.3,0,0,0,400,24920
ASW CASH (3-ASWCA),ASW CASH (MC0000),ASW CASH (INVOICE),M1,2025-12-03 00:00:00,2025-12-09 00:00:00,-12,227388  ,2,WESTKON 2531        ,T120X130M126060,TG120-12/60/60-13.0M ,62,5021.38,80.99,0,0,0,62,5021.38
ASW CASH (3-ASWCA),ASW CASH (MC0000),ASW CASH (INVOICE),Un,2025-12-03 00:00:00,2025-12-09 00:00:00,-12,227388  ,3,WESTKON 2531        ,4ASWMISC       ,ASW MISCELLANEOUS SALES ,1,1500,1500,0,0,0,1,1500
ASW CASH (3-ASWCA),ASW CASH (MC0000),ASW CASH (INVOICE),Un,2025-12-03 00:00:00,2025-12-09 00:00:00,-12,227388  ,4,WESTKON 2531        ,4FREIGHT       ,Freight Out Charge ,1,7084,7084,0,0,0,1,7084
ASW CASH (3-ASWCA),ASW CASH (MC0000),ASW CASH (INVOICE),M1,2025-12-08 00:00:00,2025-12-10 00:00:00,-11,227556  ,1,AMH FAB 8.12.25     ,SMF3H30242525G ,25x25x3000x2400x3.15 Ind Mesh IMG3H-11-3024,50,5264.5,105.29,0,0,0,50,5264.5
ASW CASH (3-ASWCA),ASW CASH (MC0000),ASW CASH (INVOICE),M1,2025-12-08 00:00:00,2025-12-10 00:00:00,-11,227556  ,2,AMH FAB 8.12.25     ,SMF3H24122525G ,25x25x2400x1200x3.15mm Ind Mes IMG3H-11-2412,12,396,33,0,0,0,12,396
ASW CASH (3-ASWCA),ASW CASH (MC0000),ASW CASH (INVOICE),M1,2025-12-19 00:00:00,2025-12-23 00:00:00,2,227880  ,1,RENEE HOPE          ,SYARD601110155G,100x150x6000x1100x5 Sheepyard IMG5-46-6011,8,593.2,74.15,0,0,0,8,593.2
ASW CASH (3-ASWCA),ASW CASH (MC0000),ASW CASH (INVOICE),Un,2025-12-19 00:00:00,2025-12-23 00:00:00,2,227880  ,2,RENEE HOPE          ,4FREIGHT       ,Freight Out Charge ,1,185,185,0,0,0,1,185
ATF SERVICES PTY LTD (3-ATFSER),ATF SERVICES PTY LTD (MC0014),ATF Services Sydney (SYDNEY),M2,2025-10-22 00:00:00,2026-01-19 00:00:00,29,225978  ,1,191135 SYDNEY       ,SMF2516757503G ,MESH 2.5MX1.6M 75X75 APT 3.15MM WIRE - GAL IMG3H-33-2516,3400,56100,16.5,0,0,0,3400,56100
BITS OF STEEL SUPPLIES PTY LTD (3-BITSOS),BITS OF STEEL SUPPLIES PTY LTD (MC0024),BITS OF STEEL SUPPLIES PTY LTD (INVOICE),M2,2025-11-04 00:00:00,2025-11-06 00:00:00,-45,226429  ,1,00043606            ,SMF2H241202525G,25x25x2400x1200x2.5mm Ind Mesh IMG2H-11-2412,25,574.75,22.99,0,0,0,25,574.75
BLUESCOPE (3-BLUESC),BLUESCOPE ALBANY (MC0025),BLUESCOPE ALBANY (INVOICE),M1,2025-12-10 00:00:00,2026-01-15 00:00:00,25,227645  ,1,4203831195          ,SL41           ,SL 41 Square Mesh 6X2.4 R500SL41,200,13390,66.95,0,0,0,200,13390
BLUESCOPE (3-BLUESC),BLUESCOPE ALBANY (MC0025),BLUESCOPE ALBANY (INVOICE),M1,2025-12-10 00:00:00,2026-01-15 00:00:00,25,227645  ,2,4203831195          ,CCP30241010056G,100x100x3000x2400x5.6 Ind Mesh P IMG5H-44-3024_JEN,25,1780,71.2,0,0,0,25,1780
BLUESCOPE (3-BLUESC),BLUESCOPE DISTRIBUTION (MC0026),BLUESCOPE DISTRIBUTION (INVOICE),M2,2025-10-22 00:00:00,2025-10-28 00:00:00,-54,225951  ,1,4203818087          ,SMF29110102005G,100x200x2.9x1.1x 5mm Weld mesh IMG5-48-2911,50,1199.5,23.99,0,0,0,50,1199.5
BLUESCOPE (3-BLUESC),BLUESCOPE DISTRIBUTION (MC0026),BLUESCOPE DISTRIBUTION (INVOICE),Un,2025-10-22 00:00:00,2025-10-28 00:00:00,-54,225951  ,2,4203818087          ,4FREIGHT       ,Freight Out Charge ,1,150,150,0,0,0,1,150
CIVILMART (NAVAL BASE CONCRETE (3-CIVILM),CIVILMART (NAVAL BASE CONCRETE) (MC0037),CIVILMART (NAVAL BASE CONCRETE) (INVOICE),M1,2025-12-15 00:00:00,2026-01-09 00:00:00,19,227748  ,1,549163              ,CW500L5        ,5.0mm Bright Wire In Coils R500L5.0-Coils,24,33600,1400,0,0,0,24,33600
DI CANDILO STEEL CITY (3-DICANS),DI CANDILO STEEL CITY (MC0042),DI CANDILLO STEEL CITY (INVOICE),M1,2025-12-08 00:00:00,2025-12-09 00:00:00,-12,227528  ,1,PO284520            ,SMF30240505004G,50x50x3000x2400x4mm Weld Mesh IMG4-22-3024,100,6302,63.02,0,0,0,100,6302
DI CANDILO STEEL CITY (3-DICANS),DI CANDILO STEEL CITY (MC0042),DI CANDILLO STEEL CITY (INVOICE),Un,2025-12-08 00:00:00,2025-12-09 00:00:00,-12,227528  ,2,PO284520            ,4FREIGHT       ,Freight Out Charge ,1,150,150,0,0,0,1,150
DSI UNDERGROUND AUSTRALIA PTY (3-DSIUA),DSI UNDERGROUND AUSTRALIA PTY LTD (MC0043),DSI UNDERGROUND AUSTRALIA PTY LTD (INVOICE),M2,2025-06-03 00:00:00,2025-06-04 00:00:00,-200,221365  ,1,366505              ,SMF5716101005G ,MESH MINE 5.7MX1.6M 100X100 APT 5MM WIRE - GAL ,900,92682,102.98,0,895,895,5,514.9
DSI UNDERGROUND AUSTRALIA PTY (3-DSIUA),DSI UNDERGROUND AUSTRALIA PTY LTD (MC0043),DSI UNDERGROUND AUSTRALIA PTY LTD (INVOICE),M2,2025-06-03 00:00:00,2025-06-04 00:00:00,-200,221368  ,3,366506              ,SMF5716101005  ,MESH MINE 5.7MX1.6M 100X100 APT 5MM WIRE - BLK ,7290,725063.4,99.46,0,6240,6240,1050,104433
DSI UNDERGROUND AUSTRALIA PTY (3-DSIUA),DSI UNDERGROUND AUSTRALIA PTY LTD (MC0043),DSI UNDERGROUND AUSTRALIA PTY LTD (INVOICE),M2,2025-07-17 00:00:00,2025-10-16 00:00:00,-66,222836  ,2,367943              ,SMF2516101031G ,MESH RIB 2.5MX1.60M 100X100 APT 3.15MM WIRE GALV IMG3H-44-2516,3000,49950,16.65,0,0,0,3000,49950
DSI UNDERGROUND AUSTRALIA PTY (3-DSIUA),DSI UNDERGROUND AUSTRALIA PTY LTD (MC0043),DSI UNDERGROUND AUSTRALIA PTY LTD (INVOICE),M2,2025-09-30 00:00:00,2025-10-29 00:00:00,-53,225262  ,1,370221 CLARENCE     ,SMF2420101003  ,100x100x2400x2000x3.15 Ind Mes IMB3H-44-2420-DCLA,3000,52680,17.56,0,0,0,3000,52680
DSI UNDERGROUND AUSTRALIA PTY (3-DSIUA),DSI UNDERGROUND AUSTRALIA PTY LTD (MC0043),DSI UNDERGROUND AUSTRALIA PTY LTD (INVOICE),M2,2025-10-15 00:00:00,2025-11-14 00:00:00,-37,225704  ,1,370651              ,JOS4003B       ,Ausro Strap 4.0 x 0.3 OSH106H-4003,1000,65350,65.35,0,500,500,500,32675
DSI UNDERGROUND AUSTRALIA PTY (3-DSIUA),DSI UNDERGROUND AUSTRALIA PTY LTD (MC0043),DSI UNDERGROUND AUSTRALIA PTY LTD (INVOICE),M2,2025-10-19 00:00:00,2025-12-12 00:00:00,-9,225826  ,1,370763              ,JOS5803B       ,Ausro Strap 5.8 x 0.3 OSH106H-5803,1000,88960,88.96,0,0,0,1000,88960
DSI UNDERGROUND AUSTRALIA PTY (3-DSIUA),DSI UNDERGROUND AUSTRALIA PTY LTD (MC0043),DSI UNDERGROUND AUSTRALIA PTY LTD (INVOICE),M2,2025-11-09 00:00:00,2026-02-13 00:00:00,54,226543  ,1,371344              ,SMF2516101031G ,MESH RIB 2.5MX1.60M 100X100 APT 3.15MM WIRE GALV IMG3H-44-2516,3000,51450,17.15,0,0,0,3000,51450
DSI UNDERGROUND AUSTRALIA PTY (3-DSIUA),DSI UNDERGROUND AUSTRALIA PTY LTD (MC0043),DSI UNDERGROUND AUSTRALIA PTY LTD (INVOICE),M2,2025-12-09 00:00:00,2026-04-14 00:00:00,114,227616  ,2,372256              ,SMF2218101003G ,RIB MESH 2.2MX1.8M 100X100MM APT & 3.15MM GAL WIRE ,3000,46080,15.36,0,0,0,3000,46080
DSI UNDERGROUND AUSTRALIA PTY (3-DSIUA),DSI UNDERGROUND AUSTRALIA PTY LTD (MC0043),DSI UNDERGROUND AUSTRALIA PTY LTD (INVOICE),M1,2025-12-11 00:00:00,2025-12-11 00:00:00,-10,227660  ,1,372323              ,CCP45241010056G,MESH MINE 4.5MX2.4M 100X100 AP IMG5H-44-4524_JEN,500,45515,91.03,0,0,0,500,45515
DSI UNDERGROUND AUSTRALIA PTY (3-DSIUA),DSI UNDERGROUND AUSTRALIA PTY LTD (MC0043),DSI UNDERGROUND AUSTRALIA PTY LTD (INVOICE),M1,2025-12-11 00:00:00,2025-12-11 00:00:00,-10,227660  ,2,372323              ,CCP45241010056G,MESH MINE 4.5MX2.4M 100X100 AP IMG5H-44-4524_JEN,500,45515,91.03,0,0,0,500,45515
DSI UNDERGROUND AUSTRALIA PTY (3-DSIUA),DSI UNDERGROUND AUSTRALIA PTY LTD (MC0043),DSI UNDERGROUND AUSTRALIA PTY LTD (INVOICE),M1,2025-12-11 00:00:00,2025-12-11 00:00:00,-10,227660  ,3,372323              ,CCP45241010056G,MESH MINE 4.5MX2.4M 100X100 AP IMG5H-44-4524_JEN,500,45515,91.03,0,0,0,500,45515
DSI UNDERGROUND AUSTRALIA PTY (3-DSIUA),DSI UNDERGROUND AUSTRALIA PTY LTD (MC0043),DSI UNDERGROUND AUSTRALIA PTY LTD (INVOICE),M1,2025-12-11 00:00:00,2025-12-11 00:00:00,-10,227660  ,4,372323              ,CCP45241010056G,MESH MINE 4.5MX2.4M 100X100 AP IMG5H-44-4524_JEN,500,45515,91.03,0,0,0,500,45515
DSI UNDERGROUND AUSTRALIA PTY (3-DSIUA),DSI UNDERGROUND AUSTRALIA PTY LTD (MC0043),DSI UNDERGROUND AUSTRALIA PTY LTD (INVOICE),M1,2025-12-11 00:00:00,2025-12-11 00:00:00,-10,227660  ,5,372323              ,CCP45241010056G,MESH MINE 4.5MX2.4M 100X100 AP IMG5H-44-4524_JEN,500,45515,91.03,0,0,0,500,45515
DSI UNDERGROUND AUSTRALIA PTY (3-DSIUA),DSI UNDERGROUND AUSTRALIA PTY LTD (MC0043),DSI UNDERGROUND AUSTRALIA PTY LTD (INVOICE),M1,2025-12-11 00:00:00,2025-12-11 00:00:00,-10,227660  ,6,372323              ,CCP45241010056G,MESH MINE 4.5MX2.4M 100X100 AP IMG5H-44-4524_JEN,500,45515,91.03,0,0,0,500,45515
DSI UNDERGROUND AUSTRALIA PTY (3-DSIUA),DSI UNDERGROUND AUSTRALIA PTY LTD (MC0043),DSI UNDERGROUND AUSTRALIA PTY LTD (INVOICE),M1,2025-12-11 00:00:00,2025-12-11 00:00:00,-10,227660  ,7,372323              ,CCP45241010056G,MESH MINE 4.5MX2.4M 100X100 AP IMG5H-44-4524_JEN,500,45515,91.03,0,0,0,500,45515
DSI UNDERGROUND AUSTRALIA PTY (3-DSIUA),DSI UNDERGROUND AUSTRALIA PTY LTD (MC0043),DSI UNDERGROUND AUSTRALIA PTY LTD (INVOICE),M1,2025-12-11 00:00:00,2025-12-11 00:00:00,-10,227660  ,8,372323              ,CCP45241010056G,MESH MINE 4.5MX2.4M 100X100 AP IMG5H-44-4524_JEN,500,45515,91.03,0,0,0,500,45515
DSI UNDERGROUND AUSTRALIA PTY (3-DSIUA),DSI UNDERGROUND AUSTRALIA PTY LTD (MC0043),DSI UNDERGROUND AUSTRALIA PTY LTD (INVOICE),M1,2025-12-11 00:00:00,2025-12-11 00:00:00,-10,227660  ,9,372323              ,CCP45241010056G,MESH MINE 4.5MX2.4M 100X100 AP IMG5H-44-4524_JEN,500,45515,91.03,0,0,0,500,45515
DSI UNDERGROUND AUSTRALIA PTY (3-DSIUA),DSI UNDERGROUND AUSTRALIA PTY LTD (MC0043),DSI UNDERGROUND AUSTRALIA PTY LTD (INVOICE),M1,2025-12-11 00:00:00,2025-12-11 00:00:00,-10,227660  ,10,372323              ,CCP45241010056G,MESH MINE 4.5MX2.4M 100X100 AP IMG5H-44-4524_JEN,500,45515,91.03,0,0,0,500,45515
DSI UNDERGROUND AUSTRALIA PTY (3-DSIUA),DSI UNDERGROUND AUSTRALIA PTY LTD (MC0043),DSI UNDERGROUND AUSTRALIA PTY LTD (INVOICE),M2,2025-12-11 00:00:00,2025-12-19 00:00:00,-2,227691  ,1,372360              ,SMF2420101003  ,100x100x2400x2000x3.15 Ind Mes IMB3H-44-2420-DCLA,3000,52680,17.56,0,0,0,3000,52680
DSI UNDERGROUND AUSTRALIA PTY (3-DSIUA),DSI UNDERGROUND AUSTRALIA PTY LTD (MC0043),DSI UNDERGROUND AUSTRALIA PTY LTD (INVOICE),M1,2025-12-17 00:00:00,2026-01-05 00:00:00,15,227825  ,1,372489              ,SMF45171010056G,MESH MINE 4.5MX1.7M 100X100 APT 5.6MM WIRE - GAL IMG5H-44-4517_JEN,5000,382500,76.5,0,0,0,5000,382500
DSI UNDERGROUND AUSTRALIA PTY (3-DSIUA),DSI UNDERGROUND AUSTRALIA PTY LTD (MC0043),DSI UNDERGROUND AUSTRALIA PTY LTD (INVOICE),M2,2025-12-18 00:00:00,2026-03-26 00:00:00,95,227878  ,1,372600              ,SMF5716101005  ,MESH MINE 5.7MX1.6M 100X100 APT 5MM WIRE - BLK ,540,56106,103.9,0,0,0,540,56106
DSI UNDERGROUND AUSTRALIA PTY (3-DSIUA),DSI UNDERGROUND AUSTRALIA PTY LTD (MC0043),DSI UNDERGROUND AUSTRALIA PTY LTD (INVOICE),M2,2025-12-18 00:00:00,2026-03-26 00:00:00,95,227878  ,2,372600              ,SMF5716101005  ,MESH MINE 5.7MX1.6M 100X100 APT 5MM WIRE - BLK ,540,56106,103.9,0,0,0,540,56106
DSI UNDERGROUND AUSTRALIA PTY (3-DSIUA),DSI UNDERGROUND AUSTRALIA PTY LTD (MC0043),DSI UNDERGROUND AUSTRALIA PTY LTD (INVOICE),M2,2025-12-18 00:00:00,2026-03-26 00:00:00,95,227878  ,3,372600              ,SMF5716101005  ,MESH MINE 5.7MX1.6M 100X100 APT 5MM WIRE - BLK ,540,56106,103.9,0,0,0,540,56106
HARTWAY GALVANIZERS - NAVAL BA (3-HARTWA),HARTWAY GALVANIZERS - NAVAL BASE (MC0054),HARTWAY GALVANIZERS - NAVAL BASE (INVOICE),M1,2025-12-08 00:00:00,2025-12-09 00:00:00,-12,227526  ,2,1681                ,TIE3.15X2.3MM  ,Tie Wire 3.15mmx2.3m Lenght Tie-3.15mm-2.3m,7.4,12432,1680,0,0,0,7.4,12432
INFRABUILD STEEL (3-INFRAB),INFRABUILD STEEL CENTRE PERTH (MC0063),INFRABUILD STEEL CENTRE PERTH (INVOICE),M1,2025-11-13 00:00:00,2025-12-05 00:00:00,-16,226692  ,12,7507867269          ,SMF30240505004G,50x50x3000x2400x4mm Weld Mesh IMG4-22-3024,150,8730,58.2,0,0,0,150,8730
INFRABUILD STEEL (3-INFRAB),INFRABUILD STEEL CENTRE PERTH (MC0063),INFRABUILD STEEL CENTRE PERTH (INVOICE),M1,2025-12-09 00:00:00,2026-12-31 00:00:00,375,227606  ,1,7507883143          ,SMF3H30242525G ,25x25x3000x2400x3.15 Ind Mesh IMG3H-11-3024,350,30453.5,87.01,0,0,0,350,30453.5
INFRABUILD STEEL (3-INFRAB),INFRABUILD STEEL CENTRE PERTH (MC0063),INFRABUILD STEEL CENTRE PERTH (INVOICE),M1,2025-12-09 00:00:00,2026-12-31 00:00:00,375,227606  ,2,7507883143          ,SMF24120505004G,50x50x2400x1200x4mm Ind Mesh IMG4-22-2412,150,3882,25.88,0,0,0,150,3882
INFRABUILD STEEL (3-INFRAB),INFRABUILD STEEL CENTRE PERTH (MC0063),INFRABUILD STEEL CENTRE PERTH (INVOICE),M1,2025-12-09 00:00:00,2026-12-31 00:00:00,375,227606  ,3,7507883143          ,SMF30240505004G,50x50x3000x2400x4mm Weld Mesh IMG4-22-3024,700,40740,58.2,0,0,0,700,40740
INFRABUILD STEEL (3-INFRAB),INFRABUILD STEEL CENTRE PERTH (MC0063),INFRABUILD STEEL CENTRE PERTH (INVOICE),Un,2025-12-09 00:00:00,2026-12-31 00:00:00,375,227606  ,5,7507883143          ,4FREIGHT       ,Freight Out Charge ,1,850,850,0,0,0,1,850
INFRABUILD STEEL (3-INFRAB),INFRABUILD STEEL CENTRE PERTH (MC0063),INFRABUILD STEEL CENTRE PERTH (INVOICE),M1,2025-12-09 00:00:00,2026-12-31 00:00:00,375,227606  ,6,7507883143          ,SCBW6.3X6M     ,S&C Brt Wire 6.3x6000mm 500kgs SCBW6.3-6000-500kgs,6,5550,925,0,0,0,6,5550
INFRABUILD STEEL (3-INFRAB),INFRABUILD YATALA (MC0065),INFRABUILD YATALA (INVOICE),M2,2025-12-02 00:00:00,2026-01-16 00:00:00,26,227378  ,1,7507878022          ,SMF2H241202525G,25x25x2400x1200x2.5mm Ind Mesh IMG2H-11-2412,200,4198,20.99,0,0,0,200,4198
INTER-COMPANY (3-_IC),JENNMAR AUSTRALIA PTY LTD (MC0068),JENNMAR AUSTRALIA PTY LTD (INVOICE),M2,2025-06-30 00:00:00,2025-07-07 00:00:00,-167,222198  ,1,251832 TOMLINGLEY   ,CCP4824101005  ,Mine Mesh 4.8 M x 2.4M 100 x 100 Apt 5mm Wire -Blk IMB5-44-4824,500,32710,65.42,0,0,0,500,32710
INTER-COMPANY (3-_IC),JENNMAR AUSTRALIA PTY LTD (MC0068),JENNMAR AUSTRALIA PTY LTD (INVOICE),M2,2025-07-01 00:00:00,2025-07-08 00:00:00,-166,222280  ,2,251871 ASHTON       ,GXB501710154G  ,GX MESH ROOF 5.00M X 1.70M 100X150 APT 4.00MM WIRE - GAL ,480,30811.2,64.19,0,0,0,480,30811.2
INTER-COMPANY (3-_IC),JENNMAR AUSTRALIA PTY LTD (MC0068),JENNMAR AUSTRALIA PTY LTD (INVOICE),M2,2025-07-02 00:00:00,2025-07-15 00:00:00,-159,222330  ,7,251892 NORTHPARKES  ,CCP45241010056G,MESH MINE 4.5MX2.4M 100X100 AP IMG5H-44-4524_JEN,550,48741,88.62,0,0,0,550,48741
INTER-COMPANY (3-_IC),JENNMAR AUSTRALIA PTY LTD (MC0068),JENNMAR AUSTRALIA PTY LTD (INVOICE),M2,2025-07-02 00:00:00,2025-07-15 00:00:00,-159,222330  ,8,251892 NORTHPARKES  ,CCP45241010056G,MESH MINE 4.5MX2.4M 100X100 AP IMG5H-44-4524_JEN,550,48741,88.62,0,0,0,550,48741
INTER-COMPANY (3-_IC),JENNMAR AUSTRALIA PTY LTD (MC0068),JENNMAR AUSTRALIA PTY LTD (INVOICE),M2,2025-07-02 00:00:00,2025-07-17 00:00:00,-157,222334  ,6,251912 MANDALONG    ,GXB5614101004G ,GX MESH ROOF 5.60M X 1.40M 100X100 APT 4.0MM WIRE - GAL ,147,10844.19,73.77,0,0,0,147,10844.19
INTER-COMPANY (3-_IC),JENNMAR AUSTRALIA PTY LTD (MC0068),JENNMAR AUSTRALIA PTY LTD (INVOICE),M2,2025-09-07 00:00:00,2025-09-07 00:00:00,-105,224525  ,1,253023 TRIAL GM3 DEN,GXB48121010VGDE,GX MESH - ROOF 4.8M X 1.2M GAL DENDROBIUM MAT # 10992135,25,1269.25,50.77,0,0,0,25,1269.25
INTER-COMPANY (3-_IC),JENNMAR AUSTRALIA PTY LTD (MC0068),JENNMAR AUSTRALIA PTY LTD (INVOICE),M2,2025-09-29 00:00:00,2025-10-05 00:00:00,-77,225199  ,1,253407 ENSHAM       ,SMF1716101003G ,"RIB MESH 1.7M X 1.6M, 100X100 APT & 3.15MM GAL WIRE ",1600,11008,6.88,0,0,0,1600,11008
INTER-COMPANY (3-_IC),JENNMAR AUSTRALIA PTY LTD (MC0068),JENNMAR AUSTRALIA PTY LTD (INVOICE),M2,2025-09-30 00:00:00,2025-10-07 00:00:00,-75,225223  ,1,253443 ULAN WEST    ,SMF1711151504UW,MESH - RIB 1.7M X 1.1M 150X150MM APT GLENCORE COAL MAT # 400208837 - ULAN WEST,2000,13660,6.83,0,0,0,2000,13660
INTER-COMPANY (3-_IC),JENNMAR AUSTRALIA PTY LTD (MC0068),JENNMAR AUSTRALIA PTY LTD (INVOICE),M2,2025-11-09 00:00:00,2025-12-31 00:00:00,10,226573  ,2,254157 ENSHAM       ,SMB5112151504  ,150x150x5100x1150x4x5 - DEN2 IMB45-66-5111-DEN2,720,23256,32.3,0,420,420,300,9690
INTER-COMPANY (3-_IC),JENNMAR AUSTRALIA PTY LTD (MC0068),JENNMAR AUSTRALIA PTY LTD (INVOICE),M2,2025-11-17 00:00:00,2025-12-02 00:00:00,-19,226827  ,2,254301 OAKY NORTH   ,GXB50121010VGOC,GX MESH - ROOF 5.0M X 1.2M GAL GLENCORE COAL MAT # 400037854 - OAKY CREEK,640,25222.4,39.41,0,0,0,640,25222.4
INTER-COMPANY (3-_IC),JENNMAR AUSTRALIA PTY LTD (MC0068),JENNMAR AUSTRALIA PTY LTD (INVOICE),M2,2025-11-17 00:00:00,2025-11-25 00:00:00,-26,226838  ,1,254311 NARRABRI FIS ,SMB5016151005S ,MESH ROOF 5.00MX1.55M 100X100 APT 5.0MM WIRE SLG IMB5-46-5016-JNA,480,30024,62.55,0,0,0,480,30024
INTER-COMPANY (3-_IC),JENNMAR AUSTRALIA PTY LTD (MC0068),JENNMAR AUSTRALIA PTY LTD (INVOICE),M2,2025-11-17 00:00:00,2025-11-25 00:00:00,-26,226838  ,2,254311 NARRABRI FIS ,SMB5016151005S ,MESH ROOF 5.00MX1.55M 100X100 APT 5.0MM WIRE SLG IMB5-46-5016-JNA,480,30024,62.55,0,0,0,480,30024
INTER-COMPANY (3-_IC),JENNMAR AUSTRALIA PTY LTD (MC0068),JENNMAR AUSTRALIA PTY LTD (INVOICE),M2,2025-11-17 00:00:00,2025-11-25 00:00:00,-26,226838  ,3,254311 NARRABRI FIS ,SMB5016151005S ,MESH ROOF 5.00MX1.55M 100X100 APT 5.0MM WIRE SLG IMB5-46-5016-JNA,228,14261.4,62.55,0,0,0,228,14261.4
INTER-COMPANY (3-_IC),JENNMAR AUSTRALIA PTY LTD (MC0068),JENNMAR AUSTRALIA PTY LTD (INVOICE),M2,2025-11-17 00:00:00,2025-11-25 00:00:00,-26,226840  ,3,254310 NARRABRI FIS ,CC2015101004G  ,Mesh Rib 2M x 1.5M 100 x 100 Apt 4.0mm wire Gal IMG4-44-2015-JNA,2000,37440,18.72,0,0,0,2000,37440
INTER-COMPANY (3-_IC),JENNMAR AUSTRALIA PTY LTD (MC0068),JENNMAR AUSTRALIA PTY LTD (INVOICE),M2,2025-11-17 00:00:00,2025-11-25 00:00:00,-26,226842  ,5,254308 MOOLARBEN FIS,SMB5113515105S ,MESH ROOF 5.10MX1.35M 150X100 APT 5.0MM WIRE SLG IMB5-64-5113-JMOL,66,3740.88,56.68,0,0,0,66,3740.88
INTER-COMPANY (3-_IC),JENNMAR AUSTRALIA PTY LTD (MC0068),JENNMAR AUSTRALIA PTY LTD (INVOICE),M2,2025-11-25 00:00:00,2025-12-03 00:00:00,-18,227127  ,4,254443 MOOLARBEN FIS,SMB5113515105S ,MESH ROOF 5.10MX1.35M 150X100 APT 5.0MM WIRE SLG IMB5-64-5113-JMOL,396,22445.28,56.68,0,0,0,396,22445.28
INTER-COMPANY (3-_IC),JENNMAR AUSTRALIA PTY LTD (MC0068),JENNMAR AUSTRALIA PTY LTD (INVOICE),M2,2025-11-25 00:00:00,2025-12-31 00:00:00,10,227128  ,1,254442 OAKY NTH     ,GXB50121010VGOC,GX MESH - ROOF 5.0M X 1.2M GAL GLENCORE COAL MAT # 400037854 - OAKY CREEK,640,25222.4,39.41,0,0,0,640,25222.4
INTER-COMPANY (3-_IC),JENNMAR AUSTRALIA PTY LTD (MC0068),JENNMAR AUSTRALIA PTY LTD (INVOICE),M2,2025-11-25 00:00:00,2025-12-31 00:00:00,10,227128  ,2,254442 OAKY NTH     ,GXB50121010VGOC,GX MESH - ROOF 5.0M X 1.2M GAL GLENCORE COAL MAT # 400037854 - OAKY CREEK,640,25222.4,39.41,0,0,0,640,25222.4
INTER-COMPANY (3-_IC),JENNMAR AUSTRALIA PTY LTD (MC0068),JENNMAR AUSTRALIA PTY LTD (INVOICE),M2,2025-11-30 00:00:00,2025-12-08 00:00:00,-13,227260  ,5,254507 MYUNA        ,SM5H501610104G ,100x100x5000x1600x5.6 4mm Galv IMG5H4-44-5016-WLC,480,21720,45.25,0,0,0,480,21720
INTER-COMPANY (3-_IC),JENNMAR AUSTRALIA PTY LTD (MC0068),JENNMAR AUSTRALIA PTY LTD (INVOICE),M2,2025-11-30 00:00:00,2025-12-08 00:00:00,-13,227260  ,6,254507 MYUNA        ,SM5H501610104G ,100x100x5000x1600x5.6 4mm Galv IMG5H4-44-5016-WLC,480,21720,45.25,0,0,0,480,21720
INTER-COMPANY (3-_IC),JENNMAR AUSTRALIA PTY LTD (MC0068),JENNMAR AUSTRALIA PTY LTD (INVOICE),M2,2025-11-30 00:00:00,2025-12-08 00:00:00,-13,227260  ,8,254507 MYUNA        ,SM5H501610104G ,100x100x5000x1600x5.6 4mm Galv IMG5H4-44-5016-WLC,480,21720,45.25,0,0,0,480,21720
INTER-COMPANY (3-_IC),JENNMAR AUSTRALIA PTY LTD (MC0068),JENNMAR AUSTRALIA PTY LTD (INVOICE),M2,2025-11-30 00:00:00,2025-12-08 00:00:00,-13,227260  ,9,254507 MYUNA        ,SM5H501610104G ,100x100x5000x1600x5.6 4mm Galv IMG5H4-44-5016-WLC,480,21720,45.25,0,0,0,480,21720
INTER-COMPANY (3-_IC),JENNMAR AUSTRALIA PTY LTD (MC0068),JENNMAR AUSTRALIA PTY LTD (INVOICE),M2,2025-11-30 00:00:00,2025-12-08 00:00:00,-13,227260  ,10,254507 MYUNA        ,SM5H501610104G ,100x100x5000x1600x5.6 4mm Galv IMG5H4-44-5016-WLC,480,21720,45.25,0,0,0,480,21720
INTER-COMPANY (3-_IC),JENNMAR AUSTRALIA PTY LTD (MC0068),JENNMAR AUSTRALIA PTY LTD (INVOICE),M2,2025-11-30 00:00:00,2025-12-08 00:00:00,-13,227260  ,11,254507 MYUNA        ,SM5H501610104G ,100x100x5000x1600x5.6 4mm Galv IMG5H4-44-5016-WLC,480,21720,45.25,0,0,0,480,21720
INTER-COMPANY (3-_IC),JENNMAR AUSTRALIA PTY LTD (MC0068),JENNMAR AUSTRALIA PTY LTD (INVOICE),M2,2025-11-30 00:00:00,2025-12-08 00:00:00,-13,227260  ,12,254507 MYUNA        ,SM5H501610104G ,100x100x5000x1600x5.6 4mm Galv IMG5H4-44-5016-WLC,480,21720,45.25,0,0,0,480,21720
INTER-COMPANY (3-_IC),JENNMAR AUSTRALIA PTY LTD (MC0068),JENNMAR AUSTRALIA PTY LTD (INVOICE),M2,2025-11-30 00:00:00,2025-12-08 00:00:00,-13,227260  ,13,254507 MYUNA        ,SM5H501610104G ,100x100x5000x1600x5.6 4mm Galv IMG5H4-44-5016-WLC,480,21720,45.25,0,0,0,480,21720
INTER-COMPANY (3-_IC),JENNMAR AUSTRALIA PTY LTD (MC0068),JENNMAR AUSTRALIA PTY LTD (INVOICE),M2,2025-11-30 00:00:00,2025-12-08 00:00:00,-13,227260  ,14,254507 MYUNA        ,SM5H501610104G ,100x100x5000x1600x5.6 4mm Galv IMG5H4-44-5016-WLC,240,10860,45.25,0,0,0,240,10860
INTER-COMPANY (3-_IC),JENNMAR AUSTRALIA PTY LTD (MC0068),JENNMAR AUSTRALIA PTY LTD (INVOICE),M2,2025-12-01 00:00:00,2025-12-09 00:00:00,-12,227310  ,1,254522 TOMINGLEY FIS,CCP48241010056G,Mine Mesh 4800X2400mm 100x100mm Apt 5.6mm wire Galv IMG5H-44-4824,500,48335,96.67,0,0,0,500,48335
INTER-COMPANY (3-_IC),JENNMAR AUSTRALIA PTY LTD (MC0068),JENNMAR AUSTRALIA PTY LTD (INVOICE),M1,2025-12-01 00:00:00,2025-12-02 00:00:00,-19,227311  ,2,254532 GSM          ,MS45241010056G ,"MESH SEISMIC 4.5MX2.4M, 100X100MM APT 5.6MM GAL IMG5H-44-4524-SM",400,50368,125.92,0,0,0,400,50368
INTER-COMPANY (3-_IC),JENNMAR AUSTRALIA PTY LTD (MC0068),JENNMAR AUSTRALIA PTY LTD (INVOICE),M2,2025-12-02 00:00:00,2025-10-10 00:00:00,-72,227361  ,1,254558 MOOLARBEN FIS,SMB5113515105S ,MESH ROOF 5.10MX1.35M 150X100 APT 5.0MM WIRE SLG IMB5-64-5113-JMOL,396,22445.28,56.68,0,0,0,396,22445.28
INTER-COMPANY (3-_IC),JENNMAR AUSTRALIA PTY LTD (MC0068),JENNMAR AUSTRALIA PTY LTD (INVOICE),M2,2025-12-02 00:00:00,2025-10-10 00:00:00,-72,227361  ,2,254558 MOOLARBEN FIS,SMB5113515105S ,MESH ROOF 5.10MX1.35M 150X100 APT 5.0MM WIRE SLG IMB5-64-5113-JMOL,396,22445.28,56.68,0,0,0,396,22445.28
INTER-COMPANY (3-_IC),JENNMAR AUSTRALIA PTY LTD (MC0068),JENNMAR AUSTRALIA PTY LTD (INVOICE),M2,2025-12-02 00:00:00,2025-10-10 00:00:00,-72,227361  ,3,254558 MOOLARBEN FIS,SMB5113515105S ,MESH ROOF 5.10MX1.35M 150X100 APT 5.0MM WIRE SLG IMB5-64-5113-JMOL,396,22445.28,56.68,0,0,0,396,22445.28
INTER-COMPANY (3-_IC),JENNMAR AUSTRALIA PTY LTD (MC0068),JENNMAR AUSTRALIA PTY LTD (INVOICE),M2,2025-12-02 00:00:00,2025-10-10 00:00:00,-72,227361  ,4,254558 MOOLARBEN FIS,SMB5113515105S ,MESH ROOF 5.10MX1.35M 150X100 APT 5.0MM WIRE SLG IMB5-64-5113-JMOL,396,22445.28,56.68,0,0,0,396,22445.28
INTER-COMPANY (3-_IC),JENNMAR AUSTRALIA PTY LTD (MC0068),JENNMAR AUSTRALIA PTY LTD (INVOICE),M1,2025-12-09 00:00:00,2025-12-10 00:00:00,-11,227602  ,4,254718 MT CHARLOTTE ,CCP42241010056G,MESH MINE 4.2MX2.4M 100X100 APT 5.6MM WIRE - GAL IMG5H-44-4224,150,10185,67.9,0,0,0,150,10185
INTER-COMPANY (3-_IC),JENNMAR AUSTRALIA PTY LTD (MC0068),JENNMAR AUSTRALIA PTY LTD (INVOICE),M1,2025-12-09 00:00:00,2025-12-10 00:00:00,-11,227604  ,1,254720 GSM          ,CCP50241010056G,Mine Mesh 5000mm long IMG5H-44-5024,400,36720,91.8,0,0,0,400,36720
INTER-COMPANY (3-_IC),JENNMAR AUSTRALIA PTY LTD (MC0068),JENNMAR AUSTRALIA PTY LTD (INVOICE),M1,2025-12-09 00:00:00,2025-12-10 00:00:00,-11,227604  ,2,254720 GSM          ,CCP50241010056G,Mine Mesh 5000mm long IMG5H-44-5024,400,36720,91.8,0,0,0,400,36720
INTER-COMPANY (3-_IC),JENNMAR AUSTRALIA PTY LTD (MC0068),JENNMAR AUSTRALIA PTY LTD (INVOICE),M3,2025-12-09 00:00:00,2025-12-17 00:00:00,-4,227610  ,1,254733 BROKEN HILL  ,SMF4524101005  ,MESH Mine 4.5M X 2.4M 100X100 APT 5.0MM WIRE ,650,45240,69.6,0,0,0,650,45240
INTER-COMPANY (3-_IC),JENNMAR AUSTRALIA PTY LTD (MC0068),JENNMAR AUSTRALIA PTY LTD (INVOICE),M1,2025-12-09 00:00:00,2025-12-24 00:00:00,3,227612  ,2,254735 KANOWNA BELLE,CCP42241010056G,MESH MINE 4.2MX2.4M 100X100 APT 5.6MM WIRE - GAL IMG5H-44-4224,500,33950,67.9,0,0,0,500,33950
INTER-COMPANY (3-_IC),JENNMAR AUSTRALIA PTY LTD (MC0068),JENNMAR AUSTRALIA PTY LTD (INVOICE),M2,2025-12-10 00:00:00,2025-12-17 00:00:00,-4,227618  ,1,254736 MYUNA        ,SM5H501610104G ,100x100x5000x1600x5.6 4mm Galv IMG5H4-44-5016-WLC,480,21720,45.25,0,0,0,480,21720
INTER-COMPANY (3-_IC),JENNMAR AUSTRALIA PTY LTD (MC0068),JENNMAR AUSTRALIA PTY LTD (INVOICE),M1,2025-12-10 00:00:00,2025-12-24 00:00:00,3,227619  ,2,254738 MT CHARLOTTE ,CCP42241010056G,MESH MINE 4.2MX2.4M 100X100 APT 5.6MM WIRE - GAL IMG5H-44-4224,550,37345,67.9,0,0,0,550,37345
INTER-COMPANY (3-_IC),JENNMAR AUSTRALIA PTY LTD (MC0068),JENNMAR AUSTRALIA PTY LTD (INVOICE),M2,2025-12-11 00:00:00,2025-12-18 00:00:00,-3,227659  ,2,254763 ASHTON FIS   ,SMF24151010034G,MESH RIB 2.40MX1.50M 100X100 APT 3.0/4.0MM WIRE -G IMG34-44-2415-JAS,50,902,18.04,0,0,0,50,902
INTER-COMPANY (3-_IC),JENNMAR AUSTRALIA PTY LTD (MC0068),JENNMAR AUSTRALIA PTY LTD (INVOICE),M2,2025-12-14 00:00:00,2026-01-16 00:00:00,26,227712  ,1,254799 CARBOROUGH   ,SMF251803GCD   ,RIB MESH 2.5X1.8M 100X100MM APT & 3.15MM GAL WIRE ,3000,33750,11.25,0,0,0,3000,33750
INTER-COMPANY (3-_IC),JENNMAR AUSTRALIA PTY LTD (MC0068),JENNMAR AUSTRALIA PTY LTD (INVOICE),M2,2025-12-14 00:00:00,2026-01-16 00:00:00,26,227713  ,1,254800 CARBOROUGH   ,SMF251803GCD   ,RIB MESH 2.5X1.8M 100X100MM APT & 3.15MM GAL WIRE ,3000,33750,11.25,0,0,0,3000,33750
INTER-COMPANY (3-_IC),JENNMAR AUSTRALIA PTY LTD (MC0068),JENNMAR AUSTRALIA PTY LTD (INVOICE),M2,2025-12-14 00:00:00,2026-01-05 00:00:00,15,227716  ,1,254809 TOMINGLEY    ,CCP48241010056G,Mine Mesh 4800X2400mm 100x100mm Apt 5.6mm wire Galv IMG5H-44-4824,500,48335,96.67,0,0,0,500,48335
INTER-COMPANY (3-_IC),JENNMAR AUSTRALIA PTY LTD (MC0068),JENNMAR AUSTRALIA PTY LTD (INVOICE),M2,2025-12-14 00:00:00,2026-01-05 00:00:00,15,227716  ,2,254809 TOMINGLEY    ,CCP4824101005  ,Mine Mesh 4.8 M x 2.4M 100 x 100 Apt 5mm Wire -Blk IMB5-44-4824,500,32710,65.42,0,0,0,500,32710
INTER-COMPANY (3-_IC),JENNMAR AUSTRALIA PTY LTD (MC0068),JENNMAR AUSTRALIA PTY LTD (INVOICE),M2,2025-12-15 00:00:00,2025-12-22 00:00:00,1,227745  ,2,254834 NARRABRI     ,CC5014101005   ,MESH ROOF 5.00MX1.35M 100X100 APT 5.0MM WIRE IMB5-44-5014-JNA,33,2066.46,62.62,0,0,0,33,2066.46
INTER-COMPANY (3-_IC),JENNMAR AUSTRALIA PTY LTD (MC0068),JENNMAR AUSTRALIA PTY LTD (INVOICE),M2,2025-12-15 00:00:00,2025-12-19 00:00:00,-2,227746  ,1,254813 ENSHAM       ,SMB5112151504  ,150x150x5100x1150x4x5 - DEN2 IMB45-66-5111-DEN2,720,23256,32.3,0,0,0,720,23256
INTER-COMPANY (3-_IC),JENNMAR AUSTRALIA PTY LTD (MC0068),JENNMAR AUSTRALIA PTY LTD (INVOICE),M2,2025-12-15 00:00:00,2025-12-19 00:00:00,-2,227746  ,2,254813 ENSHAM       ,SMB5112151504  ,150x150x5100x1150x4x5 - DEN2 IMB45-66-5111-DEN2,540,17442,32.3,0,0,0,540,17442
INTER-COMPANY (3-_IC),JENNMAR AUSTRALIA PTY LTD (MC0068),JENNMAR AUSTRALIA PTY LTD (INVOICE),M2,2025-12-15 00:00:00,2025-12-19 00:00:00,-2,227746  ,3,254813 ENSHAM       ,SMB5118151505  ,150x150x5100x1700x4x5 IMB45-66-5117-DEN,540,26071.2,48.28,0,0,0,540,26071.2
INTER-COMPANY (3-_IC),JENNMAR AUSTRALIA PTY LTD (MC0068),JENNMAR AUSTRALIA PTY LTD (INVOICE),M2,2025-12-15 00:00:00,2025-12-19 00:00:00,-2,227746  ,4,254813 ENSHAM       ,SMB5118151505  ,150x150x5100x1700x4x5 IMB45-66-5117-DEN,540,26071.2,48.28,0,0,0,540,26071.2
INTER-COMPANY (3-_IC),JENNMAR AUSTRALIA PTY LTD (MC0068),JENNMAR AUSTRALIA PTY LTD (INVOICE),M2,2025-12-16 00:00:00,2026-02-01 00:00:00,42,227818  ,1,254853 CARBORUGH    ,SMB561604GCD   ,MESH ROOF 5.6MX1.6M 100X100 APT 4.0MM&5.0MM WIRE MM0207,2000,83220,41.61,0,0,0,2000,83220
INTER-COMPANY (3-_IC),JENNMAR AUSTRALIA PTY LTD (MC0068),JENNMAR AUSTRALIA PTY LTD (INVOICE),M2,2025-12-16 00:00:00,2026-04-01 00:00:00,101,227820  ,1,254854 CARBORUGH    ,SMB561604GCD   ,MESH ROOF 5.6MX1.6M 100X100 APT 4.0MM&5.0MM WIRE MM0207,2000,83220,41.61,0,0,0,2000,83220
LEMPRET WIRE & SELANTS (3-LEMPRE),LEMPRET WIRE & SELANTS (MC0070),LEMPRET WIRE & SELANTS (INVOICE),M2,2025-10-12 00:00:00,2025-10-14 00:00:00,-68,225607  ,2,WE91138             ,SMF24120507504G,50x75x2400x1200x4mm Ind Mesh IMG4-23-2412,50,1199.5,23.99,0,0,0,50,1199.5
LOCKER (3-LOCKER),LOCKER GROUP PTY LTD (MC0072),LOCKER GROUP PTY LTD (INVOICE),M1,2025-12-17 00:00:00,2025-12-18 00:00:00,-3,227848  ,1,PA190280            ,SMF30240505004G,50x50x3000x2400x4mm Weld Mesh IMG4-22-3024,50,3151,63.02,0,0,0,50,3151
MACKENZIES HOME TIMBER & HARDW (3-MACK),MACKENZIES HOME TIMBER & HARDWARE (MC0074),MACKENZIES HOME TIMBER & HARDWARE (INVOICE),M2,2025-11-09 00:00:00,2025-11-10 00:00:00,-41,226568  ,3,27101               ,SMF24120507504G,50x75x2400x1200x4mm Ind Mesh IMG4-23-2412,15,404.85,26.99,0,0,0,15,404.85
MADDINGTON CONCRETE PRODUCTS (3-MADDON),MADDINGTON CONCRETE PRODUCTS (MC0075),MADDINGTON CONCRETE PRODUCTS (INVOICE),M1,2025-06-26 00:00:00,2025-08-29 00:00:00,-114,222083  ,2,PO29819             ,CW500L6.3      ,6.3mm Bright Wire In Coils R500L6.3-Coils,6,10732.2,1788.7,0,0,0,6,10732.2
MADDINGTON CONCRETE PRODUCTS (3-MADDON),MADDINGTON CONCRETE PRODUCTS (MC0075),MADDINGTON CONCRETE PRODUCTS (INVOICE),M1,2025-09-21 00:00:00,2025-09-29 00:00:00,-83,224949  ,3,PO30345             ,CW500L5        ,5.0mm Bright Wire In Coils R500L5.0-Coils,8,11840,1480,0,0,0,8,11840
MADDINGTON CONCRETE PRODUCTS (3-MADDON),MADDINGTON CONCRETE PRODUCTS (MC0075),MADDINGTON CONCRETE PRODUCTS (INVOICE),M1,2025-12-02 00:00:00,2025-12-05 00:00:00,-16,227366  ,1,PO30690             ,CW500L5        ,5.0mm Bright Wire In Coils R500L5.0-Coils,10,14600,1460,0,0,0,10,14600
MGALV (3-MGALV),MGALV (MC0081),MGALV (INVOICE),M1,2025-12-17 00:00:00,2026-01-05 00:00:00,15,227850  ,1,POMGV5976           ,TIE3.15X2.3MM  ,Tie Wire 3.15mmx2.3m Lenght Tie-3.15mm-2.3m,5.5,8690,1580,0,0,0,5.5,8690
NORTHERN STAR (POGO) LLC (3-NSRPOG),NORTHERN STAR (POGO) LLC (MC0153),NORTHERN STAR (POGO) LLC (DEFAULT),MM,2025-07-11 00:00:00,2025-10-31 00:00:00,-51,222622  ,1,W50 2086626         ,CCP45241010056G,MESH MINE 4.5MX2.4M 100X100 AP IMG5H-44-4524_JEN,3300,236016,71.52,0,0,0,3300,236016
NORTHERN STAR (POGO) LLC (3-NSRPOG),NORTHERN STAR (POGO) LLC (MC0153),NORTHERN STAR (POGO) LLC (DEFAULT),MM,2025-07-11 00:00:00,2025-10-31 00:00:00,-51,222623  ,1,W50 2086627         ,CCP45241010056G,MESH MINE 4.5MX2.4M 100X100 AP IMG5H-44-4524_JEN,3300,236016,71.52,0,0,0,3300,236016
NORTHERN STAR (POGO) LLC (3-NSRPOG),NORTHERN STAR (POGO) LLC (MC0153),NORTHERN STAR (POGO) LLC (DEFAULT),MM,2025-07-11 00:00:00,2025-11-30 00:00:00,-21,222624  ,1,W50 2086628         ,CCP45241010056G,MESH MINE 4.5MX2.4M 100X100 AP IMG5H-44-4524_JEN,3300,236016,71.52,0,0,0,3300,236016
NORTHERN STAR (POGO) LLC (3-NSRPOG),NORTHERN STAR (POGO) LLC (MC0153),NORTHERN STAR (POGO) LLC (DEFAULT),MM,2025-07-11 00:00:00,2025-11-30 00:00:00,-21,222625  ,1,W50 2086629         ,CCP45241010056G,MESH MINE 4.5MX2.4M 100X100 AP IMG5H-44-4524_JEN,3300,236016,71.52,0,0,0,3300,236016
NORTHERN STAR (POGO) LLC (3-NSRPOG),NORTHERN STAR (POGO) LLC (MC0153),NORTHERN STAR (POGO) LLC (DEFAULT),MM,2025-07-11 00:00:00,2025-12-31 00:00:00,10,222626  ,1,W50 2086630         ,CCP45241010056G,MESH MINE 4.5MX2.4M 100X100 AP IMG5H-44-4524_JEN,3300,236016,71.52,0,0,0,3300,236016
NORTHERN STAR (POGO) LLC (3-NSRPOG),NORTHERN STAR (POGO) LLC (MC0153),NORTHERN STAR (POGO) LLC (DEFAULT),MM,2025-07-11 00:00:00,2025-12-31 00:00:00,10,222627  ,1,W50 2086631         ,CCP45241010056G,MESH MINE 4.5MX2.4M 100X100 AP IMG5H-44-4524_JEN,3300,236016,71.52,0,0,0,3300,236016
NORTHERN STAR (POGO) LLC (3-NSRPOG),NORTHERN STAR (POGO) LLC (MC0153),NORTHERN STAR (POGO) LLC (DEFAULT),MM,2025-10-29 00:00:00,2025-12-31 00:00:00,10,226180  ,1,W50 2090004         ,CCP45241010056G,MESH MINE 4.5MX2.4M 100X100 AP IMG5H-44-4524_JEN,3300,236016,71.52,0,0,0,3300,236016
NORTHERN STAR (POGO) LLC (3-NSRPOG),NORTHERN STAR (POGO) LLC (MC0153),NORTHERN STAR (POGO) LLC (DEFAULT),MM,2025-10-29 00:00:00,2025-10-31 00:00:00,-51,226181  ,1,W50 2090002         ,CCP45241010056G,MESH MINE 4.5MX2.4M 100X100 AP IMG5H-44-4524_JEN,3300,236016,71.52,0,0,0,3300,236016
NORTHERN STAR (POGO) LLC (3-NSRPOG),NORTHERN STAR (POGO) LLC (MC0153),NORTHERN STAR (POGO) LLC (DEFAULT),MM,2025-10-29 00:00:00,2025-11-30 00:00:00,-21,226182  ,1,W50 2090003         ,CCP45241010056G,MESH MINE 4.5MX2.4M 100X100 AP IMG5H-44-4524_JEN,3300,236016,71.52,0,0,0,3300,236016
PADDINGTON GOLD PTY LTD (3-PADGOL),PADDINGTON GOLD PTY LTD (MC0097),PADDINGTON GOLD PTY LTD (INVOICE),M5,2025-12-18 00:00:00,2025-12-18 00:00:00,-3,227874  ,1,TBC DEC STOCK       ,SM5H36241010FG ,100x100x3600x2400x5.6 Ind Mesh IMG5H-44-3624,150,11104.5,74.03,0,0,0,150,11104.5
PADDINGTON GOLD PTY LTD (3-PADGOL),PADDINGTON GOLD PTY LTD (MC0097),PADDINGTON GOLD PTY LTD (INVOICE),M5,2025-12-18 00:00:00,2025-12-18 00:00:00,-3,227874  ,2,TBC DEC STOCK       ,CCP45241010056G,MESH MINE 4.5MX2.4M 100X100 AP IMG5H-44-4524_JEN,75,6795.75,90.61,0,0,0,75,6795.75
PRIME SUPPLIES (3-PRIME),PRIME SUPPLIES (MC0101),PRIME SUPPLIES (INVOICE),M1,2025-12-04 00:00:00,2025-12-08 00:00:00,-13,227448  ,4,320101672           ,SMF3H30242525G ,25x25x3000x2400x3.15 Ind Mesh IMG3H-11-3024,5,435.05,87.01,0,0,0,5,435.05
RCPA (WA) PTY LTD (3-RCPA),RCPA (WA) PTY LTD (MC0102),RCPA (WA) PTY LTD (INVOICE),M1,2025-12-17 00:00:00,2026-01-31 00:00:00,41,227849  ,1,602620              ,D500L06.0SP    ,6.0mm Ribbed Wire in Spools D500L6.0-Spools,20,31000,1550,0,0,0,20,31000
RCPA (WA) PTY LTD (3-RCPA),RCPA (WA) PTY LTD (MC0102),RCPA (WA) PTY LTD (INVOICE),M1,2025-12-17 00:00:00,2026-01-31 00:00:00,41,227849  ,3,602620              ,CW500L6.3      ,6.3mm Bright Wire In Coils R500L6.3-Coils,20,31000,1550,0,0,0,20,31000
ROLLWELL ENGINEERINIG PTY LTD (3-ROLLWL),ROLLWELL ENGINEERINIG PTY LTD (MC0106),ROLLWELL ENGINEERINIG PTY LTD (INVOICE),M1,2025-12-10 00:00:00,2025-12-12 00:00:00,-9,227647  ,1,320380              ,SMF30240505004G,50x50x3000x2400x4mm Weld Mesh IMG4-22-3024,75,4726.5,63.02,0,0,0,75,4726.5
ROLLWELL ENGINEERINIG PTY LTD (3-ROLLWL),ROLLWELL ENGINEERINIG PTY LTD (MC0106),ROLLWELL ENGINEERINIG PTY LTD (INVOICE),M1,2025-12-10 00:00:00,2025-12-12 00:00:00,-9,227647  ,2,320380              ,SMF3H30242525G ,25x25x3000x2400x3.15 Ind Mesh IMG3H-11-3024,20,1740.2,87.01,0,0,0,20,1740.2
ROLLWELL ENGINEERINIG PTY LTD (3-ROLLWL),ROLLWELL ENGINEERINIG PTY LTD (MC0106),ROLLWELL ENGINEERINIG PTY LTD (INVOICE),Un,2025-12-10 00:00:00,2025-12-12 00:00:00,-9,227647  ,3,320380              ,4FREIGHT       ,Freight Out Charge ,1,150,150,0,0,0,1,150
SCOTT METALS (3-SCOTT),SCOTT METALS (T&B FABRICATIONS) (MC0108),SCOTT METALS (T&B FABRICATIONS) (INVOICE),M2,2025-12-02 00:00:00,2025-12-05 00:00:00,-16,227365  ,1,SMPO-5455           ,SMF2H241202525G,25x25x2400x1200x2.5mm Ind Mesh IMG2H-11-2412,100,2099,20.99,0,0,0,100,2099
SOUTHERN QLD STEEL (3-STHSTL),SOUTHERN QLD STEEL P/L (MC0111),SOUTHERN QLD STEEL P/L (INVOICE),M2,2025-12-17 00:00:00,2025-12-19 00:00:00,-2,227847  ,1,P025134             ,SMF30241001005G,100x100x3000x2400x5 Ind Mesh IMG5-44-3024,50,2899.5,57.99,0,0,0,50,2899.5
SOUTHERN QLD STEEL (3-STHSTL),SOUTHERN QLD STEEL P/L (MC0111),SOUTHERN QLD STEEL P/L (INVOICE),M2,2025-12-17 00:00:00,2025-12-19 00:00:00,-2,227847  ,2,P025134             ,SMF2H241202525G,25x25x2400x1200x2.5mm Ind Mesh IMG2H-11-2412,100,2099,20.99,0,0,0,100,2099
SOUTHERN QLD STEEL (3-STHSTL),SOUTHERN QLD STEEL P/L (MC0111),SOUTHERN QLD STEEL P/L (INVOICE),M2,2025-12-17 00:00:00,2025-12-19 00:00:00,-2,227847  ,3,P025134             ,SMF3H30242525G ,25x25x3000x2400x3.15 Ind Mesh IMG3H-11-3024,75,6524.25,86.99,0,0,0,75,6524.25
SOUTHERN QLD STEEL (3-STHSTL),SOUTHERN QLD STEEL P/L (MC0111),SOUTHERN QLD STEEL P/L (INVOICE),M2,2025-12-17 00:00:00,2025-12-19 00:00:00,-2,227847  ,4,P025134             ,SMF30240505004G,50x50x3000x2400x4mm Weld Mesh IMG4-22-3024,250,15497.5,61.99,0,0,0,250,15497.5
STEELFORCE (3-STEELF),STEELFORCE BRISBANE (MC0117),STEELFORCE BRISBANE (INVOICE),M2,2025-12-08 00:00:00,2025-12-11 00:00:00,-10,227563  ,1,7507882604          ,SMF2H241202525G,25x25x2400x1200x2.5mm Ind Mesh IMG2H-11-2412,75,1649.25,21.99,0,0,0,75,1649.25
SUPER STEEL AUSTRALIA PTY LTD (3-SUPERS),SUPER STEEL AUSTRALIA PTY LTD (MC0120),SUPER STEEL AUSTRALIA PTY LTD (INVOICE),M2,2025-12-05 00:00:00,2025-12-08 00:00:00,-13,227460  ,2,PO049136            ,SMF29110102005G,100x200x2.9x1.1x 5mm Weld mesh IMG5-48-2911,20,499.8,24.99,0,0,0,20,499.8
TRUE METAL SOLUTIONS PTY LTD (3-TRUMTL),TRUE METAL SOLUTIONS PTY LTD (MC0128),TRUE METAL SOLUTIONS PTY LTD (INVOICE),M2,2025-12-18 00:00:00,2025-12-22 00:00:00,1,227877  ,1,200160718           ,SMF30240505004G,50x50x3000x2400x4mm Weld Mesh IMG4-22-3024,50,3199.5,63.99,0,0,0,50,3199.5
TRUE METAL SOLUTIONS PTY LTD (3-TRUMTL),TRUE METAL SOLUTIONS PTY LTD (MC0128),TRUE METAL SOLUTIONS PTY LTD (INVOICE),M2,2025-12-18 00:00:00,2025-12-22 00:00:00,1,227877  ,2,200160718           ,SMF30240507504G,50x75x3000x2400x4mm Ind Mesh IMG4-23-3024,25,1449.75,57.99,0,0,0,25,1449.75
,ATF SERVICES PTY LTD (MC0014),ATF SERVICES PTY LTD (HILLCREST),M2,2025-11-12 00:00:00,2025-11-12 00:00:00,-39,226678  ,1,191364              ,SMF2516757503G ,MESH 2.5MX1.6M 75X75 APT 3.15MM WIRE - GAL IMG3H-33-2516,3400,56100,16.5,0,0,0,3400,56100
,BHP OLYMPIC DAM CORPORATION PTY LTD (MC0021),ENERGY LOGISTIX (LARGS BAY),M3,2025-08-21 00:00:00,2025-09-30 00:00:00,-82,224004  ,1,4518432651          ,SMB4H50241010  ,100x100x5000x2400x4.50 IMB4H-44-5024,600,41112,68.52,0,0,0,600,41112
,BHP OLYMPIC DAM CORPORATION PTY LTD (MC0021),ENERGY LOGISTIX (LARGS BAY),M3,2025-08-21 00:00:00,2025-09-30 00:00:00,-82,224004  ,2,4518432651          ,SMB4H50241010  ,100x100x5000x2400x4.50 IMB4H-44-5024,600,41112,68.52,0,0,0,600,41112
,BHP OLYMPIC DAM CORPORATION PTY LTD (MC0021),ENERGY LOGISTIX (LARGS BAY),M3,2025-08-21 00:00:00,2025-09-30 00:00:00,-82,224004  ,3,4518432651          ,SMB4H50241010  ,100x100x5000x2400x4.50 IMB4H-44-5024,600,41112,68.52,0,0,0,600,41112
,BHP OLYMPIC DAM CORPORATION PTY LTD (MC0021),ENERGY LOGISTIX (LARGS BAY),M3,2025-08-21 00:00:00,2025-09-30 00:00:00,-82,224005  ,1,4518432652          ,SMB4H50241010  ,100x100x5000x2400x4.50 IMB4H-44-5024,600,41112,68.52,0,0,0,600,41112
,BHP OLYMPIC DAM CORPORATION PTY LTD (MC0021),ENERGY LOGISTIX (LARGS BAY),M3,2025-08-21 00:00:00,2025-09-30 00:00:00,-82,224005  ,2,4518432652          ,SMB4H50241010  ,100x100x5000x2400x4.50 IMB4H-44-5024,600,41112,68.52,0,0,0,600,41112
,BHP OLYMPIC DAM CORPORATION PTY LTD (MC0021),ENERGY LOGISTIX (LARGS BAY),M3,2025-08-21 00:00:00,2025-09-30 00:00:00,-82,224005  ,3,4518432652          ,SMB4H50241010  ,100x100x5000x2400x4.50 IMB4H-44-5024,600,41112,68.52,0,0,0,600,41112
,HARTWAY GALVANIZERS - CANNING VALE (MC0053),HARTWAY GALVANIZERS - CANNING VALE (INVOICE),M1,2025-12-07 00:00:00,2026-01-12 00:00:00,22,227500  ,1,35359               ,TIE3.15X1.2MM  ,Tie wire - 3.15mm -1.2m Length Tie-3.15mm-1.2m,24,30240,1260,0,0,0,24,30240
,INDUSTRIAL GALVANIZERS (MC0058),INDUSTRIAL GALVANIZERS (DEFAULT),M2,2025-11-11 00:00:00,2026-02-01 00:00:00,42,226621  ,1,IGP54655            ,TIE3.15X2.4MM  ,Tie Wire 3.15mmx2.4m Length Tie-3.15mm-2.4m,18,26977.86,1498.77,0,0,0,18,26977.86
,INDUSTRIAL GALVANIZERS (MC0058),INDUSTRIAL GALVANIZERS (DEFAULT),M2,2025-11-11 00:00:00,2026-02-01 00:00:00,42,226621  ,2,IGP54655            ,TIE3.15X1.2MM  ,Tie wire - 3.15mm -1.2m Length Tie-3.15mm-1.2m,6,8992.62,1498.77,0,0,0,6,8992.62
,INFRABUILD DUBBO (MC0060),INFRABUILD DUBBO (INVOICE),Un,2025-09-23 00:00:00,2025-12-01 00:00:00,-20,225031  ,2,7507836891          ,4FREIGHT       ,Freight Out Charge ,1,1250,1250,0,0,0,1,1250
,INFRABUILD DUBBO (MC0060),INFRABUILD DUBBO (INVOICE),M2,2025-09-23 00:00:00,2025-12-01 00:00:00,-20,225031  ,3,7507836891          ,SROL15005C305B ,"100x150mm 5mm 1500x30000mm black mild steel, steel rolls ",60,23286.6,388.11,0,0,0,60,23286.6
,INFRABUILD DUBBO (MC0060),INFRABUILD DUBBO (INVOICE),Un,2025-09-23 00:00:00,2025-12-01 00:00:00,-20,225034  ,2,7507836034          ,4FREIGHT       ,Freight Out Charge ,1,1602.44,1602.44,0,0,0,1,1602.44
,INFRABUILD DUBBO (MC0060),INFRABUILD DUBBO (INVOICE),M2,2025-09-23 00:00:00,2025-12-01 00:00:00,-20,225034  ,3,7507836034          ,SROL11005C305B ,"100x150mm 5mm 1100x30000mm Black mild steel, steel rolls ",60,16749.6,279.16,0,0,0,60,16749.6
,"JENNMAR OF UTAH, LLC (DC002)","JENNMAR OF UTAH, LLC - ELKO (SELKO)",D1,2025-11-04 00:00:00,2025-11-04 00:00:00,-47,106082  ,2,572955              ,JFLI3972G      ,FRICTION LOK BOLT 39MMX1829MM - GAL 300 BOLTS PER PACK ,45900,1179813.6,25.704,0,0,0,45900,1179813.6
,JM  Australian Steel & Wire Pty Ltd (DC001),ASW Adelaide (M3),D1,2025-10-31 00:00:00,2026-01-09 00:00:00,19,106004  ,1,253623              ,CCP40241010056G,MESH MINE 4.0MX2.4M 100X100 APT 5.6MM WIRE - GAL IMG5H-44-40 IMG5H-44-4024,3000,541200,180.4,0,0,0,3000,541200
,JM  Australian Steel & Wire Pty Ltd (DC001),ASW Adelaide (M3),D1,2025-10-31 00:00:00,2026-01-09 00:00:00,19,106008  ,1,253619              ,CCP45241010056G,MESH MINE 4.5MX2.4M 100X100 AP IMG5H-44-4524_JEN IMG5H-44-4524,5500,1093675,198.85,0,0,0,5500,1093675
,JM  Australian Steel & Wire Pty Ltd (DC001),ASW Adelaide (M3),D1,2025-11-04 00:00:00,2025-12-29 00:00:00,8,106084  ,1,254058 - BROKEN HILL,CCP45241010056G,MESH MINE 4.5MX2.4M 100X100 AP IMG5H-44-4524_JEN IMG5H-44-4524,3300,656205,198.85,0,0,0,3300,656205
,JM  Australian Steel & Wire Pty Ltd (DC001),ASW Adelaide (M3),D1,2025-11-05 00:00:00,2025-12-22 00:00:00,1,106088  ,1,254063 - ENDEAVOUR  ,CCP40241010056G,MESH MINE 4.0MX2.4M 100X100 APT 5.6MM WIRE - GAL IMG5H-44-40 IMG5H-44-4024,1800,324720,180.4,0,0,0,1800,324720
,JM  Australian Steel & Wire Pty Ltd (DC001),ASW Adelaide (M3),D1,2025-11-06 00:00:00,2025-12-15 00:00:00,-6,106101  ,1,254061 - BROKEN HILL,CC402410105    ,MESH MINE 4.0MX2.4M 100X100 APT 5.0MM WIRE IMB5-44-4024 IMB5-44-4024,700,98665,140.95,0,0,0,700,98665
,JM  Australian Steel & Wire Pty Ltd (DC001),ASW Adelaide (M3),D1,2025-12-07 00:00:00,2026-01-05 00:00:00,15,106113  ,1,254634 - BROKEN HILL,SMF4524101005  ,MESH Mine 4.5M X 2.4M 100X100 APT 5.0MM WIRE IMB5-44-4524,500,84320,168.64,0,0,0,500,84320
,JM  Australian Steel & Wire Pty Ltd (DC001),ASW Adelaide (M3),D1,2025-12-07 00:00:00,2026-01-05 00:00:00,15,106114  ,1,254633 - BROKEN HILL,CC402410105    ,MESH MINE 4.0MX2.4M 100X100 APT 5.0MM WIRE IMB5-44-4024 IMB5-44-4024,700,98665,140.95,0,0,0,700,98665
,JM  Australian Steel & Wire Pty Ltd (DC001),ASW Adelaide (M3),D1,2025-12-07 00:00:00,2026-01-05 00:00:00,15,106115  ,1,254635 - BROKEN HILL,CCP45241010056G,MESH MINE 4.5MX2.4M 100X100 AP IMG5H-44-4524_JEN IMG5H-44-4524,2200,437470,198.85,0,0,0,2200,437470
,JM  Australian Steel & Wire Pty Ltd (DC001),ASW Adelaide (M3),D1,2025-12-15 00:00:00,2026-01-05 00:00:00,15,106136  ,1,254844 - OLYMPIC    ,SMB4H50241010  ,100x100x5000x2400x4.50 IndMesh IMB4H-44-5024 IMB4H-44-5024,3600,553248,153.68,0,0,0,3600,553248
,JM  Australian Steel & Wire Pty Ltd (DC001),ASW Adelaide (M3),D1,2025-12-15 00:00:00,2026-01-26 00:00:00,36,106137  ,1,254845 - OLYMPIC    ,SMB4H50241010  ,100x100x5000x2400x4.50 IndMesh IMB4H-44-5024 IMB4H-44-5024,1800,276624,153.68,0,0,0,1800,276624
,JM  Australian Steel & Wire Pty Ltd (DC001),ASW Adelaide (M3),D1,2025-12-15 00:00:00,2026-02-16 00:00:00,57,106138  ,1,254846 - OLYMPIC    ,SMB4H50241010  ,100x100x5000x2400x4.50 IndMesh IMB4H-44-5024 IMB4H-44-5024,1800,276624,153.68,0,0,0,1800,276624
,JM  Australian Steel & Wire Pty Ltd (DC001),ASW Adelaide (M3),D1,2025-12-18 00:00:00,2026-01-19 00:00:00,29,106146  ,1,254898 - BROKEN HILL,SMF4524101005  ,MESH Mine 4.5M X 2.4M 100X100 APT 5.0MM WIRE IMB5-44-4524,1000,168640,168.64,0,0,0,1000,168640
,JM  Australian Steel & Wire Pty Ltd (DC001),ASW BRISBANE (M2) (M2),D1,2025-10-31 00:00:00,2026-01-09 00:00:00,19,106001  ,1,253628              ,CC2015101004G  ,Mesh Rib 2M x 1.5M 100 x 100 Apt 4.0mm wire Gal IMG4-44-2015 IMG4-44-2015-JNA,6000,200040,33.34,0,0,0,6000,200040
,JM  Australian Steel & Wire Pty Ltd (DC001),ASW BRISBANE (M2) (M2),D1,2025-10-31 00:00:00,2025-12-19 00:00:00,-2,106002  ,1,252546              ,CC2015101004G  ,Mesh Rib 2M x 1.5M 100 x 100 Apt 4.0mm wire Gal IMG4-44-2015 IMG4-44-2015-JNA,6000,199980,33.33,0,3500,3500,2500,83325
,JM  Australian Steel & Wire Pty Ltd (DC001),ASW BRISBANE (M2) (M2),D1,2025-10-31 00:00:00,2026-01-16 00:00:00,26,106003  ,1,253629              ,CC5014101005   ,MESH ROOF 5.00MX1.35M 100X100 APT 5.0MM WIRE IMB5-44-5014-JN IMB5-44-5014-JNA,577,77566.11,134.43,0,0,0,577,77566.11
,JM  Australian Steel & Wire Pty Ltd (DC001),ASW BRISBANE (M2) (M2),D1,2025-10-31 00:00:00,2025-10-31 00:00:00,-51,106011  ,1,252134              ,CCP48241010056G,Mine Mesh 4800X2400mm 100x100mm Apt 5.6mm wire Galv IMG5H-44 IMG5H-44-4824,100,21158,211.58,0,0,0,100,21158
,JM  Australian Steel & Wire Pty Ltd (DC001),ASW BRISBANE (M2) (M2),D1,2025-10-31 00:00:00,2026-01-02 00:00:00,12,106012  ,1,253631              ,GXB48111010VGU3,GX MESH ROOF 4.8M x 1.1M 48 x 100 APT 4.0MM & 4.75MM Wire ,1200,107808,89.84,0,0,0,1200,107808
,JM  Australian Steel & Wire Pty Ltd (DC001),ASW BRISBANE (M2) (M2),D1,2025-10-31 00:00:00,2025-12-26 00:00:00,5,106013  ,1,253626              ,GXB50121010VGOC,GX MESH ROOF 5.00M x 1.2M 50 x 100 APT 4.0MM & 4.75MM Wire ,3200,274048,85.64,0,1760,1760,1440,123321.6
,JM  Australian Steel & Wire Pty Ltd (DC001),ASW BRISBANE (M2) (M2),D1,2025-10-31 00:00:00,2026-01-09 00:00:00,19,106015  ,1,253634              ,GXB50121010VGUW,GX MESH ROOF 5.00M x 1.2M 50 x 100 APT 4.0MM & 4.75MM Wire ,2000,189180,94.59,0,0,0,2000,189180
,JM  Australian Steel & Wire Pty Ltd (DC001),ASW BRISBANE (M2) (M2),D1,2025-10-31 00:00:00,2025-10-31 00:00:00,-51,106016  ,1,252742              ,GXB50121010VGUW,GX MESH ROOF 5.00M x 1.2M 50 x 100 APT 4.0MM & 4.75MM Wire ,3720,351874.8,94.59,0,3360,3360,360,34052.4
,JM  Australian Steel & Wire Pty Ltd (DC001),ASW BRISBANE (M2) (M2),D1,2025-10-31 00:00:00,2026-01-02 00:00:00,12,106018  ,1,253128              ,GXB5614101004G ,GX MESH ROOF 5.60MX1.40M 100X100 APT 4.0MM & 5.0MM WIRE-GAL ,2160,246844.8,114.28,0,595,595,1565,178848.2
,JM  Australian Steel & Wire Pty Ltd (DC001),ASW BRISBANE (M2) (M2),D1,2025-10-31 00:00:00,2026-01-02 00:00:00,12,106021  ,1,253787              ,JOS5803B       ,Ausro STRAP W 300*5800*10MM BLACK OSH106H-5803 OS106H-5803,1000,166450,166.45,0,400,400,600,99870
,JM  Australian Steel & Wire Pty Ltd (DC001),ASW BRISBANE (M2) (M2),D1,2025-10-31 00:00:00,2026-01-30 00:00:00,40,106026  ,1,253630              ,SMB5016151005S ,MESH ROOF 5.00MX1.55M 100X100 APT 5.0MM WIRE SLG IMB5-46-501 IMB5-46-5016-JNA,1584,206933.76,130.64,0,0,0,1584,206933.76
,JM  Australian Steel & Wire Pty Ltd (DC001),ASW BRISBANE (M2) (M2),D1,2025-10-31 00:00:00,2025-10-31 00:00:00,-51,106027  ,1,251543              ,SMB5016151005S ,MESH ROOF 5.00MX1.55M 100X100 APT 5.0MM WIRE SLG IMB5-46-501 IMB5-46-5016-JNA,110,14369.3,130.63,0,0,0,110,14369.3
,JM  Australian Steel & Wire Pty Ltd (DC001),ASW BRISBANE (M2) (M2),D1,2025-10-31 00:00:00,2026-01-02 00:00:00,12,106030  ,1,253867              ,SMB5112151504  ,150x150x5100x1150x4x5 - DEN2 IMB45-66-5111-DEN2 IMB55H-46-5111-DEN,3240,197348.4,60.91,0,1440,0,1800,109638
,JM  Australian Steel & Wire Pty Ltd (DC001),ASW BRISBANE (M2) (M2),D1,2025-10-31 00:00:00,2025-12-26 00:00:00,5,106032  ,1,253627              ,SMB5113515105S ,MESH ROOF 5.10MX1.35M 150X100 APT 5.0MM WIRE SLG IMB5-64-511 IMB5-64-5113-JMOL,2376,262049.04,110.29,0,0,0,2376,262049.04
,JM  Australian Steel & Wire Pty Ltd (DC001),ASW BRISBANE (M2) (M2),D1,2025-10-31 00:00:00,2026-01-02 00:00:00,12,106033  ,1,253126              ,SMB5113515105S ,MESH ROOF 5.10MX1.35M 150X100 APT 5.0MM WIRE SLG IMB5-64-511 IMB5-64-5113-JMOL,2772,305723.88,110.29,0,805,0,1967,216940.43
,JM  Australian Steel & Wire Pty Ltd (DC001),ASW BRISBANE (M2) (M2),D1,2025-10-31 00:00:00,2026-01-09 00:00:00,19,106035  ,1,253124              ,SMB5118151505  ,150x150x5100x1700x4x5 IMB45-66-5117-DEN IMB45-66-5117-JEN,1080,121824,112.8,0,0,0,1080,121824
,JM  Australian Steel & Wire Pty Ltd (DC001),ASW BRISBANE (M2) (M2),D1,2025-10-31 00:00:00,2025-10-31 00:00:00,-51,106036  ,1,252540              ,SMESH300011704 ,SHOTCRETE MESH 3.00MX1.17M 4MM WIRE - GAL IMG4D-66-3012 IMG4D-66-3012,1695,133599.9,78.82,0,0,0,1695,133599.9
,JM  Australian Steel & Wire Pty Ltd (DC001),ASW BRISBANE (M2) (M2),D1,2025-11-01 00:00:00,2025-11-01 00:00:00,-50,106050  ,1,252541              ,SMESH300011704 ,SHOTCRETE MESH 3.00MX1.17M 4MM WIRE - GAL IMG4D-66-3012 IMG4D-66-3012,2550,200991,78.82,0,0,0,2550,200991
,JM  Australian Steel & Wire Pty Ltd (DC001),ASW BRISBANE (M2) (M2),D1,2025-11-01 00:00:00,2025-12-19 00:00:00,-2,106051  ,1,253633              ,SMF1711151504UW,MESH - RIB 1.7M X 1.1M 150X150MM APT ,1963,30701.32,15.64,0,1500,1000,463,7241.32
,JM  Australian Steel & Wire Pty Ltd (DC001),ASW BRISBANE (M2) (M2),D1,2025-11-01 00:00:00,2025-12-19 00:00:00,-2,106066  ,1,252636              ,SMF2420101003  ,100x100x2400x2000x3.15 Ind Mes IMB3H-44-2420-DCLA IMB3H-44-2420-DCLA,2600,87932,33.82,2309,0,0,291,9841.62
,JM  Australian Steel & Wire Pty Ltd (DC001),ASW BRISBANE (M2) (M2),D1,2025-11-01 00:00:00,2025-11-01 00:00:00,-50,106068  ,1,253875              ,SMF2516757503G ,MESH 2.5MX1.6M 75X75 APT 3.15MM WIRE - GAL IMG3H-33-2516,3400,107474,31.61,0,100,100,3300,104313
,JM  Australian Steel & Wire Pty Ltd (DC001),ASW BRISBANE (M2) (M2),D1,2025-11-05 00:00:00,2026-01-05 00:00:00,15,106086  ,1,254059 - CANNINGTON ,CCP45241010056G,MESH MINE 4.5MX2.4M 100X100 AP IMG5H-44-4524_JEN IMG5H-44-4524,3300,656205,198.85,0,0,0,3300,656205
,JM  Australian Steel & Wire Pty Ltd (DC001),ASW BRISBANE (M2) (M2),D1,2025-11-05 00:00:00,2026-01-12 00:00:00,22,106087  ,1,254060 - TOMMINGLEY ,CCP48241010056G,Mine Mesh 4800X2400mm 100x100mm Apt 5.6mm wire Galv IMG5H-44 IMG5H-44-4824,2000,423160,211.58,0,0,0,2000,423160
,JM  Australian Steel & Wire Pty Ltd (DC001),ASW BRISBANE (M2) (M2),D1,2025-11-05 00:00:00,2026-01-05 00:00:00,15,106089  ,1,254064 - MOLARBEN   ,SMB5113515105S ,MESH ROOF 5.10MX1.35M 150X100 APT 5.0MM WIRE SLG IMB5-64-511 IMB5-64-5113-JMOL,1980,218394,110.3,0,0,0,1980,218394
,JM  Australian Steel & Wire Pty Ltd (DC001),ASW BRISBANE (M2) (M2),D1,2025-11-05 00:00:00,2025-12-15 00:00:00,-6,106090  ,1,254065 - MOLARBEN   ,SMF2214101004  ,MESH RIB 2.20MX1.40M 100X100 APT 4.0MM WIRE IMB4-44-2214-JMOL,3000,97410,32.47,0,0,0,3000,97410
,JM  Australian Steel & Wire Pty Ltd (DC001),ASW BRISBANE (M2) (M2),D1,2025-11-05 00:00:00,2025-12-29 00:00:00,8,106091  ,1,254066 - MANDALONG  ,GXB5614101004G ,GX MESH ROOF 5.60MX1.40M 100X100 APT 4.0MM & 5.0MM WIRE-GAL ,1620,181067.4,111.77,0,0,0,1620,181067.4
,JM  Australian Steel & Wire Pty Ltd (DC001),ASW BRISBANE (M2) (M2),D1,2025-11-05 00:00:00,2026-01-05 00:00:00,15,106092  ,1,254067 - NARRABRI   ,CC2015101004G  ,Mesh Rib 2M x 1.5M 100 x 100 Apt 4.0mm wire Gal IMG4-44-2015 IMG4-44-2015-JNA,6000,200040,33.34,0,0,0,6000,200040
,JM  Australian Steel & Wire Pty Ltd (DC001),ASW BRISBANE (M2) (M2),D1,2025-11-05 00:00:00,2025-12-22 00:00:00,1,106093  ,1,254068 - NARRABRI   ,CC5014101005   ,MESH ROOF 5.00MX1.35M 100X100 APT 5.0MM WIRE IMB5-44-5014-JN IMB5-44-5014-JNA,1188,159690.96,134.42,0,0,0,1188,159690.96
,JM  Australian Steel & Wire Pty Ltd (DC001),ASW BRISBANE (M2) (M2),D1,2025-11-05 00:00:00,2026-01-05 00:00:00,15,106094  ,1,254070 - ULAN COAL  ,GXB48111010VGU3,GX MESH ROOF 4.8M x 1.1M 48 x 100 APT 4.0MM & 4.75MM Wire ,1200,107820,89.85,0,0,0,1200,107820
,JM  Australian Steel & Wire Pty Ltd (DC001),ASW BRISBANE (M2) (M2),D1,2025-11-05 00:00:00,2026-01-05 00:00:00,15,106095  ,1,254071 - ULAN WEST  ,SMF1711151504UW,MESH - RIB 1.7M X 1.1M 150X150MM APT ,2000,31300,15.65,0,0,0,2000,31300
,JM  Australian Steel & Wire Pty Ltd (DC001),ASW BRISBANE (M2) (M2),D1,2025-11-05 00:00:00,2026-01-05 00:00:00,15,106096  ,1,254072 - ULAN WEST  ,GXB50121010VGUW,GX MESH ROOF 5.00M x 1.2M 50 x 100 APT 4.0MM & 4.75MM Wire ,1620,153527.4,94.77,0,0,0,1620,153527.4
,JM  Australian Steel & Wire Pty Ltd (DC001),ASW BRISBANE (M2) (M2),D1,2025-11-05 00:00:00,2026-01-05 00:00:00,15,106098  ,1,254074 - ENSHAM     ,SMB5112151504  ,150x150x5100x1150x4x5 - DEN2 IMB45-66-5111-DEN2 IMB55H-46-5111-DEN,3240,197380.8,60.92,0,0,0,3240,197380.8
,JM  Australian Steel & Wire Pty Ltd (DC001),ASW BRISBANE (M2) (M2),D1,2025-11-05 00:00:00,2025-12-29 00:00:00,8,106099  ,1,254075 - OAKEY      ,SMF302410104GOC,MESH MINE 3.0MX2.4M 100X100 APT 4.0MM WIRE - GAL ,1800,137628,76.46,0,0,0,1800,137628
,JM  Australian Steel & Wire Pty Ltd (DC001),ASW BRISBANE (M2) (M2),D1,2025-11-06 00:00:00,2026-01-05 00:00:00,15,106100  ,1,254069 - ULAN COAL  ,SMF2118151504U3,MESH Rib 2.1 M X 1.8M 150X150 APT 4.0MM ,2000,53600,26.8,0,0,0,2000,53600
,JM  Australian Steel & Wire Pty Ltd (DC001),ASW BRISBANE (M2) (M2),D1,2025-11-10 00:00:00,2025-12-22 00:00:00,1,106102  ,1,254168 - DSI        ,SMF2516101031G ,MESH RIB 2.5MX1.60M 100X100 APT 3.15MM WIRE GALV IMG3H-44-2516,3000,86310,28.77,0,0,0,3000,86310
,JM  Australian Steel & Wire Pty Ltd (DC001),ASW BRISBANE (M2) (M2),D1,2025-11-10 00:00:00,2025-12-15 00:00:00,-6,106103  ,1,254167 - DSI        ,SMF5716101005  ,MESH MINE 5.7MX1.6M 100X100 APT 5MM WIRE - BLK IMB5-44-5716,1080,190868.4,176.73,0,0,0,1080,190868.4
,JM  Australian Steel & Wire Pty Ltd (DC001),ASW BRISBANE (M2) (M2),D1,2025-11-11 00:00:00,2025-12-22 00:00:00,1,106107  ,1,254216 - IG CAROLE P,6MBW6          ,6mm Wire 6m long (750 pcs) 6MBW6 6MBW6,3000,7371,2.457,0,0,0,3000,7371
,JM  Australian Steel & Wire Pty Ltd (DC001),ASW BRISBANE (M2) (M2),D1,2025-11-11 00:00:00,2025-12-22 00:00:00,1,106107  ,2,254216 - IG CAROLE P,TIE3.15X2.4MM  ,Tie Wire 3.15mmx2.4m Length Tie-3.15mm-2.4m Tie-3.15mm-2.4m,13,48443.85,3726.45,0,0,0,13,48443.85
,JM  Australian Steel & Wire Pty Ltd (DC001),ASW BRISBANE (M2) (M2),D1,2025-11-11 00:00:00,2025-12-22 00:00:00,1,106107  ,3,254216 - IG CAROLE P,TIE3.15X1.2MM  ,Tie Wire 3.15mmx1.2m Length Tie-3.15mm-1.2m Tie-3.15mm-1.2m,4,14905.8,3726.45,0,0,0,4,14905.8
,JM  Australian Steel & Wire Pty Ltd (DC001),ASW BRISBANE (M2) (M2),D1,2025-12-07 00:00:00,2026-01-05 00:00:00,15,106116  ,1,254632 - OAKEY      ,GXB50121010VGOC,GX MESH ROOF 5.00M x 1.2M 50 x 100 APT 4.0MM & 4.75MM Wire ,960,82224,85.65,0,0,0,960,82224
,JM  Australian Steel & Wire Pty Ltd (DC001),ASW BRISBANE (M2) (M2),D1,2025-12-07 00:00:00,2026-01-05 00:00:00,15,106117  ,1,254630 - ENSHAM     ,SMB5118151505  ,150x150x5100x1700x4x5 IMB45-66-5117-DEN IMB45-66-5117-JEN,1620,182752.2,112.81,0,0,0,1620,182752.2
,JM  Australian Steel & Wire Pty Ltd (DC001),ASW BRISBANE (M2) (M2),D1,2025-12-07 00:00:00,2026-01-05 00:00:00,15,106119  ,1,254626 - NARRABRI   ,CC5014101005   ,MESH ROOF 5.00MX1.35M 100X100 APT 5.0MM WIRE IMB5-44-5014-JN IMB5-44-5014-JNA,1188,159690.96,134.42,0,0,0,1188,159690.96
,JM  Australian Steel & Wire Pty Ltd (DC001),ASW BRISBANE (M2) (M2),D1,2025-12-07 00:00:00,2026-01-05 00:00:00,15,106120  ,1,254625 - MANDALONG  ,GXB5614101004G ,GX MESH ROOF 5.60MX1.40M 100X100 APT 4.0MM & 5.0MM WIRE-GAL ,1440,160948.8,111.77,0,0,0,1440,160948.8
,JM  Australian Steel & Wire Pty Ltd (DC001),ASW BRISBANE (M2) (M2),D1,2025-12-07 00:00:00,2026-01-05 00:00:00,15,106121  ,1,254624 - MOOLARBEN  ,SMF2214101004  ,MESH RIB 2.20MX1.40M 100X100 APT 4.0MM WIRE IMB4-44-2214-JMOL,3000,97410,32.47,0,0,0,3000,97410
,JM  Australian Steel & Wire Pty Ltd (DC001),ASW BRISBANE (M2) (M2),D1,2025-12-07 00:00:00,2026-01-05 00:00:00,15,106122  ,1,254623              ,SMB5113515105S ,MESH ROOF 5.10MX1.35M 150X100 APT 5.0MM WIRE SLG IMB5-64-511 IMB5-64-5113-JMOL,2772,305751.6,110.3,0,0,0,2772,305751.6
,JM  Australian Steel & Wire Pty Ltd (DC001),ASW BRISBANE (M2) (M2),D1,2025-12-08 00:00:00,2026-01-05 00:00:00,15,106123  ,1,254622 - ASHTON     ,SMB5018101005  ,Mesh Roof 5.00Mx1.75M 100x100 APT 5.0MM & 5.6MM Wire ,1920,269683.2,140.46,0,0,0,1920,269683.2
,JM  Australian Steel & Wire Pty Ltd (DC001),ASW BRISBANE (M2) (M2),D1,2025-12-11 00:00:00,2025-12-22 00:00:00,1,106126  ,1,254770 - CARBOUROUGH,SMB561604GCD   ,Mesh Roof 5.6Mx1.6M  100x100 APT 4.0MMx5.0MM Wire GAL ,4000,454381.2,113.5953,0,0,0,4000,454381.2
,JM  Australian Steel & Wire Pty Ltd (DC001),ASW BRISBANE (M2) (M2),D1,2025-12-15 00:00:00,2026-01-12 00:00:00,22,106134  ,1,254802 - CARBOUROUGH,SMF251803GCD   ,Mesh Rib 2.5Mx1.8M 100x100 APT 3.15MM ,6000,184275,30.7125,0,0,0,6000,184275
,JM  Australian Steel & Wire Pty Ltd (DC001),ASW BRISBANE (M2) (M2),D1,2025-12-15 00:00:00,2026-01-05 00:00:00,15,106135  ,1,254628 - ENSHAM     ,SMB5002101004  ,100x50x25x5000x250x4x5 IMB45-421-5002-DEN ,2113,115686.75,54.75,0,0,0,2113,115686.75
,JM  Australian Steel & Wire Pty Ltd (DC001),ASW BRISBANE (M2) (M2),D1,2025-12-15 00:00:00,2025-12-29 00:00:00,8,106139  ,1,254847 - DSI        ,SMF2420101003  ,100x100x2400x2000x3.15 Ind Mes IMB3H-44-2420-DCLA IMB3H-44-2420-DCLA,3000,101490,33.83,0,0,0,3000,101490
,JM  Australian Steel & Wire Pty Ltd (DC001),ASW BRISBANE (M2) (M2),D1,2025-12-15 00:00:00,2025-12-29 00:00:00,8,106140  ,1,254848 - DSI        ,SMF2516101031G ,MESH RIB 2.5MX1.60M 100X100 APT 3.15MM WIRE GALV IMG3H-44-2516,3000,86310,28.77,0,0,0,3000,86310
,JM  Australian Steel & Wire Pty Ltd (DC001),ASW BRISBANE (M2) (M2),D1,2025-12-15 00:00:00,2026-01-12 00:00:00,22,106141  ,1,254849 - OAKEY CREEK,GXB50121010VGOC,GX MESH ROOF 5.00M x 1.2M 50 x 100 APT 4.0MM & 4.75MM Wire ,3600,308340,85.65,0,0,0,3600,308340
,JM  Australian Steel & Wire Pty Ltd (DC001),ASW BRISBANE (M2) (M2),D1,2025-12-15 00:00:00,2026-01-26 00:00:00,36,106142  ,1,254850 - ENSHAM     ,SMB5112151504  ,150x150x5100x1150x4x5 - DEN2 IMB45-66-5111-DEN2 IMB55H-46-5111-DEN,3240,197380.8,60.92,0,0,0,3240,197380.8
,JM  Australian Steel & Wire Pty Ltd (DC001),ASW BRISBANE (M2) (M2),D1,2025-12-15 00:00:00,2026-01-26 00:00:00,36,106143  ,1,254851 - NARRABRI   ,CC5014101005   ,MESH ROOF 5.00MX1.35M 100X100 APT 5.0MM WIRE IMB5-44-5014-JN IMB5-44-5014-JNA,1188,159690.96,134.42,0,0,0,1188,159690.96
,JM  Australian Steel & Wire Pty Ltd (DC001),ASW BRISBANE (M2) (M2),D1,2025-12-18 00:00:00,2026-03-02 00:00:00,71,106147  ,1,254899 - DSI        ,SMF2218101003G ,Mesh Rib 2.2 M x 1.8 M x 100 x 100 APT 3.15MM GAL ,3000,88042.5,29.3475,0,0,0,3000,88042.5
,JM  Australian Steel & Wire Pty Ltd (DC001),ATF - NSW (ATFSYD),D1,2025-11-25 00:00:00,2025-12-22 00:00:00,1,106109  ,1,254270 - ATF        ,SMF2516757503G ,MESH 2.5MX1.6M 75X75 APT 3.15MM WIRE - GAL IMG3H-33-2516,3400,107440,31.6,0,0,0,3400,107440
,JM  Australian Steel & Wire Pty Ltd (DC001),JM  Australian Steel & Wire Pty Ltd (JMASW),D1,2025-10-31 00:00:00,2025-10-31 00:00:00,-51,106037  ,1,253133              ,COILGW5.6      ,5.6mm Galve Wire in Coils P COILGW5.6M,588.708,2242006.11,3808.34999694,0,579.038,579.038,9.67,36826.74
,JM  Australian Steel & Wire Pty Ltd (DC001),JM  Australian Steel & Wire Pty Ltd (JMASW),D1,2025-10-31 00:00:00,2025-10-31 00:00:00,-51,106038  ,1,253869              ,CW500L5        ,5.0mm Bright Wire In Coils R500L5.0-Coils R500L5.0Coils,48,163537.92,3407.04,0,24.06,24.06,23.94,81564.54
,JM  Australian Steel & Wire Pty Ltd (DC001),JM  Australian Steel & Wire Pty Ltd (JMASW),D1,2025-10-31 00:00:00,2025-10-31 00:00:00,-51,106039  ,1,253610              ,CW500L5        ,5.0mm Bright Wire In Coils R500L5.0-Coils R500L5.0Coils,23.855,81274.94,3407.04003354,0,24.032,24.032,-0.177,-603.05
,JM  Australian Steel & Wire Pty Ltd (DC001),JM  Australian Steel & Wire Pty Ltd (JMASW),D1,2025-10-31 00:00:00,2025-10-31 00:00:00,-51,106040  ,1,253870              ,CW500L5.6      ,5.6mm Bright Wire In Coils R500L5.6-Coils R500L5.6Coils,48,163537.92,3407.04,0,48.259,48.259,-0.259,-882.42
,JM  Australian Steel & Wire Pty Ltd (DC001),JM  Australian Steel & Wire Pty Ltd (JMASW),D1,2025-10-31 00:00:00,2025-10-31 00:00:00,-51,106041  ,1,253618              ,CW500L5.6      ,5.6mm Bright Wire In Coils R500L5.6-Coils R500L5.6Coils,24,81768.96,3407.04,0,24.065,24.065,-0.065,-221.46
,JM  Australian Steel & Wire Pty Ltd (DC001),JM  Australian Steel & Wire Pty Ltd (JMASW),D1,2025-10-31 00:00:00,2025-10-31 00:00:00,-51,106042  ,1,253599              ,CW500L5.6      ,5.6mm Bright Wire In Coils R500L5.6-Coils R500L5.6Coils,24,81768.96,3407.04,0,24.256,24.256,-0.256,-872.2
,JM  Australian Steel & Wire Pty Ltd (DC001),JM  Australian Steel & Wire Pty Ltd (JMASW),D1,2025-10-31 00:00:00,2025-10-31 00:00:00,-51,106043  ,1,253871              ,CW500L6.3      ,6.3mm Bright Wire In Coils R500L6.3-Coils R500L6.3Coils,24,81768.96,3407.04,0,24.187,24.187,-0.187,-637.12
,JM  Australian Steel & Wire Pty Ltd (DC001),JM  Australian Steel & Wire Pty Ltd (JMASW),D1,2025-10-31 00:00:00,2025-10-31 00:00:00,-51,106044  ,1,253618              ,CW500L6.3      ,6.3mm Bright Wire In Coils R500L6.3-Coils R500L6.3Coils,24,81768.96,3407.04,0,24.136,24.136,-0.136,-463.36
,JM  Australian Steel & Wire Pty Ltd (DC001),JM  Australian Steel & Wire Pty Ltd (JMASW),D1,2025-11-10 00:00:00,2025-12-22 00:00:00,1,106106  ,1,254164 - ASW        ,CW500L5.6      ,5.6mm Bright Wire In Coils R500L5.6-Coils R500L5.6Coils,24,82368,3432,0,24.036,24.036,-0.036,-123.55
,JM  Australian Steel & Wire Pty Ltd (DC001),JM  Australian Steel & Wire Pty Ltd (JMASW),D1,2025-11-27 00:00:00,2026-01-05 00:00:00,15,106111  ,1,254449              ,CW500L5.6      ,5.6mm Bright Wire In Coils R500L5.6-Coils R500L5.6Coils,48,163537.92,3407.04,0,48.234,48.234,-0.234,-797.25
,JM  Australian Steel & Wire Pty Ltd (DC001),JM  Australian Steel & Wire Pty Ltd (JMASW),D1,2025-11-27 00:00:00,2026-01-05 00:00:00,15,106111  ,2,254449              ,D500L07.6SP    ,7.60mm Ribbed Wire in Spools D500L07.6SP,24,81768.96,3407.04,0,0,0,24,81768.96
,JM  Australian Steel & Wire Pty Ltd (DC001),JM  Australian Steel & Wire Pty Ltd (JMASW),D1,2025-12-04 00:00:00,2025-12-29 00:00:00,8,106112  ,1,254548 - HENDERSON S,COILGW5.6      ,5.6mm Galve Wire in Coils P COILGW5.6M,600,2285010,3808.35,0,156.576,23.995,443.424,1688713.79
,JM  Australian Steel & Wire Pty Ltd (DC001),JM  Australian Steel & Wire Pty Ltd (JMASW),D1,2025-12-11 00:00:00,2026-01-12 00:00:00,22,106127  ,1,254773 - HENDERSON  ,CW500L6        ,6.0mm Bright Wire in Coils R500L6.0-Coils R500L6.0Coils,48,163537.92,3407.04,0,0,0,48,163537.92
,JM  Australian Steel & Wire Pty Ltd (DC001),JM  Australian Steel & Wire Pty Ltd (JMASW),D1,2025-12-14 00:00:00,2026-01-12 00:00:00,22,106128  ,1,254774 - HENDERSON  ,CW500L6.3      ,6.3mm Bright Wire In Coils R500L6.3-Coils R500L6.3Coils,48,163537.92,3407.04,0,0,0,48,163537.92
,JM  Australian Steel & Wire Pty Ltd (DC001),JM  Australian Steel & Wire Pty Ltd (JMASW),D1,2025-12-14 00:00:00,2026-01-12 00:00:00,22,106129  ,1,254775 - HENDERSON  ,CW500L8        ,8.0mm Bright Wire In coils R500L8.0-Coils R500L8-Coils,24,81768.96,3407.04,0,0,0,24,81768.96
,JM  Australian Steel & Wire Pty Ltd (DC001),JM  Australian Steel & Wire Pty Ltd (JMASW),D1,2025-12-14 00:00:00,2026-01-12 00:00:00,22,106130  ,1,254776 - HENDERSON  ,D500L06.0SP    ,6.0mm Ribbed Wire in Spools ,24,81768.96,3407.04,0,0,0,24,81768.96
,JM  Australian Steel & Wire Pty Ltd (DC001),JM  Australian Steel & Wire Pty Ltd (JMASW),D1,2025-12-14 00:00:00,2026-01-12 00:00:00,22,106131  ,1,254777 - HENDERSON  ,D500L07.6SP    ,7.60mm Ribbed Wire in Spools D500L07.6SP,24,81768.96,3407.04,0,0,0,24,81768.96
,JM  Australian Steel & Wire Pty Ltd (DC001),JM  Australian Steel & Wire Pty Ltd (JMASW),D1,2025-12-14 00:00:00,2026-01-12 00:00:00,22,106132  ,1,254778 - HENDERSON  ,D500L08.6SP    ,8.60mm Ribbed Wire in Spools ,48,163537.92,3407.04,0,0,0,48,163537.92
,JM  Australian Steel & Wire Pty Ltd (DC001),JM  Australian Steel & Wire Pty Ltd (JMASW),D1,2025-12-14 00:00:00,2026-01-12 00:00:00,22,106133  ,1,254779 - HENDERSON  ,TIE3.15X2.3MM  ,Tie Wire 3.15mmx2.3m Length Tie-3.15mm-2.3m Tie-3.15mm-2.3m,10,37264.5,3726.45,0,0,0,10,37264.5
,JM  Australian Steel & Wire Pty Ltd (DC001),Northern Star (POGO)  LLC (POGO),D1,2025-11-01 00:00:00,2025-12-26 00:00:00,5,106056  ,1,253436              ,CCP45241010056G,MESH MINE 4.5MX2.4M 100X100 AP IMG5H-44-4524_JEN IMG5H-44-4524,3300,656205,198.85,0,0,0,3300,656205
,JM  Australian Steel & Wire Pty Ltd (DC001),Northern Star (POGO)  LLC (POGO),D1,2025-11-01 00:00:00,2026-01-30 00:00:00,40,106059  ,1,253437              ,CCP45241010056G,MESH MINE 4.5MX2.4M 100X100 AP IMG5H-44-4524_JEN IMG5H-44-4524,3300,656205,198.85,0,0,0,3300,656205
,JM  Australian Steel & Wire Pty Ltd (DC001),Northern Star (POGO)  LLC (POGO),D1,2025-11-01 00:00:00,2026-02-27 00:00:00,68,106060  ,1,253438              ,CCP45241010056G,MESH MINE 4.5MX2.4M 100X100 AP IMG5H-44-4524_JEN IMG5H-44-4524,3300,656205,198.85,0,0,0,3300,656205
,JM  Australian Steel & Wire Pty Ltd (DC001),Northern Star (POGO)  LLC (POGO),D1,2025-11-01 00:00:00,2026-03-27 00:00:00,96,106061  ,1,253439              ,CCP45241010056G,MESH MINE 4.5MX2.4M 100X100 AP IMG5H-44-4524_JEN IMG5H-44-4524,3300,656205,198.85,0,0,0,3300,656205
,JM  Australian Steel & Wire Pty Ltd (DC001),Northern Star (POGO)  LLC (POGO),D1,2025-11-01 00:00:00,2026-04-30 00:00:00,130,106062  ,1,253440              ,CCP45241010056G,MESH MINE 4.5MX2.4M 100X100 AP IMG5H-44-4524_JEN IMG5H-44-4524,3300,656205,198.85,0,0,0,3300,656205
,JM  Australian Steel & Wire Pty Ltd (DC001),WYNYARD CONTRACTING SERVICES (M4) (M4),D1,2025-11-05 00:00:00,2025-12-08 00:00:00,-13,106097  ,1,254073 - CORNWALL   ,SMF4814101004  ,MESH 100X100X4800X1400X4MM BLACK IMB4-44-4814-CCC,1440,145238.4,100.86,0,0,0,1440,145238.4
,JM  Australian Steel & Wire Pty Ltd (DC001),WYNYARD CONTRACTING SERVICES (M4) (M4),D1,2025-12-07 00:00:00,2025-12-29 00:00:00,8,106118  ,1,254627 - CORNWALL   ,SMF4814101004  ,MESH 100X100X4800X1400X4MM BLACK IMB4-44-4814-CCC,1440,145238.4,100.86,0,0,0,1440,145238.4
,JM  Australian Steel & Wire Pty Ltd (DC001),WYNYARD CONTRACTING SERVICES (M4) (M4),D1,2025-12-15 00:00:00,2026-01-26 00:00:00,36,106144  ,1,254852 - CORWAL     ,SMF4814101004  ,MESH 100X100X4800X1400X4MM BLACK IMB4-44-4814-CCC,1440,145238.4,100.86,0,0,0,1440,145238.4
