order_date,reqn,description_mesh,ross_code,qty,shipment_date_week_request,shipping_terms,balance_outstanding,shpd_wk,qty_1,shpd_wk_1,qty_2,shpd_wk_2,qty_3,shpd_wk_3,qty_4,ordered_by,planned_shipping_date,acknowledged_by,destination_port,crosscheck_by_eug,go_nogo,special_requirements,additional_comments
2024-11-05,BNE2219,IMG3H-23-2412,SMF3H24125075G,200.0,WK49,CIF,0.0,13,200.0,,,,,,,Richard,Delayed to wk 12,Lew,Brisbane,B - 5193 - 200p - 21.3.25,                                                                                                    ,,
2024-11-05,PER2227,IMG4-22-2412,SMF24120505004G,1000.0,WK50,CIF,-80.0,15,1080.0,,,,,,,Richard,WK 16,Lew,Perth,F - 5277 - 1080p - 21.3.24,                                                                                                    ,Material Requsition 171124,
2024-11-12,BNE2238,IMG4D-66-3012,SMESH300011704,5000.0,WK2/3,CIF,0.0,20,1000.0,21,4000.0,,,,,Richard,Delayed to Wk 20/21,Lew,Brisbane,B - 5341/5372/5373/5374 - 1000p+4000p-22.5.25,                                                                                                    ,Material Requsition 171124,
2024-12-05,BNE2242,OSH106H-6003,JOS6003G,500.0,Wk3,CIF,20.0,3/6/9,350.0,15,70.0,16,60.0,,,Ryan,wk3 - 140 / wk 6-130 / WK9-100/wk15-150,Lew,Brisbane,B - 4993/5053/5054/5115/5170 - 480p-26.2.25,                                                                                                    ,Material Requisition 231224,
2025-01-08,BNE2252,IMB5-44-5612-JMA,SMB5612101005,2400.0,WK12,CIF,2400.0,,,,,,,,,Richard,,,Brisbane,,                                                                                                    ,Pause - pending further info,
2025-01-08,BNE2253,IMB45-66-5117-JEN,SMB5118151505,2160.0,WK10,CIF,0.0,18,2160.0,,,,,,,Richard,Delayed to Wk 17,Lew,Brisbane,B- 5284/5285/5286/5287 - 2160p - 25/4/25,                                                                                                    ,,
2025-01-08,BNE2254,IMB5-44-5014-JNA,CC5014101005,1200.0,WK10,CIF,-32.0,16,1232.0,,,,,,,Richard,Delayed to Wk 16,Lew,Brisbane,B - 5233/5234 - 1032p - 21.3.25,                                                                                                    ,,
2025-01-08,TAC2256,3RM600446108G,3RM600446108G,14400.0,WK4/5,CIP Seattle,0.0,Prior,6400.0,13,4800.0,22,3200.0,,,Richard,wk 12-6400 / wk 13-4800,Lew,Tacoma,S - 5166-69 + 5184-87 +5392/93- 11200p+3200p - 27/5/25,                                                                                                    ,ASW # IMG6GA-44-2715,Jennmar O/No 566515
2025-01-15,BNE2260, IMGX4H4-44-5614 JMA Trial,GXB5614101004G,40.0,WK8,CIF,0.0,13,40.0,,,,,,,Richard,Delayed to Wk 11/12,Lew,Brisbane,B - 5192 - 40p - 21.3.25,                                                                                                    ,Sub Bundles - 20 per bundle,
2025-01-15,BNE2261, IMGX4-44-4812 JMA Trial,GXB48121010040G,40.0,WK8,CIF,40.0,,,,,,,,,Richard,Delayed to Wk 11/12,Lew,Brisbane,,                                                                                                    ,Sub Bundles - 20 per bundle,CLW 12-2
2025-01-15,BNE2262,IMGX44H-44-5012 Oaky Trial,GXB50121010040,40.0,WK8,CIF,0.0,13,40.0,,,,,,,Richard,Delayed to Wk 11/12,Lew,Brisbane,B - 5192 - 40p - 21.3.25,                                                                                                    ,Sub Bundles - 20 per bundle,
2025-01-29,ADE2265,IMB4H-44-5024,SMB4H50241010,1800.0,Wk8-9,CIF,0.0,13,1800.0,,,,,,,Richard,Delayed wk 12,Lew,Adelaide,A - 5188-90 - 1800p - 25.3.25,                                                                                                    ,,
2025-01-29,BNE2267,IMB5-44-4814-JCR,SMB4814101005C,1200.0,Wk10,CIF,0.0,17,1200.0,,,,,,,Richard,Delayed to Wk 16,Lew,Brisbane,B - 5240/5240 - 1200p - 15/4/25,                                                                                                    ,,
2025-01-29,BNE2269,IMG3H-44-2417-DQL,SMF3H24171010G,4000.0,Wk10,CIF,0.0,15,4000.0,,,,,,,Richard,Delayed to Wk 15,Lew,Brisbane,B - 5215/16 - 4000p - 8/4/25,                                                                                                    ,New MESH,O/No 362734
2025-01-29,BNE2270,IMG3H-44-2417-DQL,SMF3H24171010G,4000.0,Wk10,CIF,0.0,15,2400.0,16,1600.0,,,,,Richard,Delayed to Wk 16,Lew,Brisbane,B-5216/33/34/35 - 4000p - 18/4/25,                                                                                                    ,New MESH,O/No 362960
2025-01-29,BNE2271,IMB5-44-5616-DQL,SMB5616151005,2880.0,Wk10,CIF,0.0,15,1260.0,16,1620.0,,,,,Richard,Delayed to Wk 15/16,Lew,Brisbane,B - 5217/18/28/29/30 - 2880p - 8/4/25,                                                                                                    ,New MESH,O/No 362960
2025-01-29,BNE2272,IMB3H-44-2618-DAIR,SMF2618101003,2400.0,Wk9,CIF,0.0,13,2400.0,,,,,,,Richard,Delayed to Wk 13,Lew,Brisbane,B - 5193 - 2400p - 26/3/25,                                                                                                    ,Urgent,
2025-01-30,SEA2273,IMG5H-44-4524,CCP45241010056G,3300.0,WK16,FOB,0.0,15,3300.0,,,,,,,Richard,wk 15,Lew,Seattle,S - 5204-5209 - 3300p - 8/4/25,                                                                                                    ,O/# W50 2080327,
2025-01-30,SEA2274,IMG5H-44-4524,CCP45241010056G,3300.0,WK18,FOB,0.0,17,3300.0,,,,,,,Richard,wk 17,Lew,Seattle,S - 5246-5251 - 3300p - 21/4/25,                                                                                                    ,O/# W50 2080328,
2025-01-30,SEA2275,IMG5H-44-4524,CCP45241010056G,3300.0,WK20,FOB,0.0,19,3300.0,,,,,,,Richard,wk 19,Lew,Seattle,S-5299-5304 - 3300p-2/5/25,                                                                                                    ,O/# W50 2080329,
2025-01-30,SEA2276,IMG5H-44-4524,CCP45241010056G,3300.0,WK22,FOB,0.0,21,3300.0,,,,,,,Richard,wk 21,Lew,Seattle,S - 5348-5353 - 3300p - 20/5/25,                                                                                                    ,O/# W50 2080330,
2025-01-30,SEA2277,IMG5H-44-4524,CCP45241010056G,3300.0,WK24,FOB,0.0,23,3300.0,,,,,,,Richard,wk 23,Lew,Seattle,S - 5409-5414 - 3300p - 5/6/25,                                                                                                    ,O/# W50 2080331,
2025-01-30,SEA2278,IMG5H-44-4524,CCP45241010056G,3300.0,WK26,FOB,0.0,25,3300.0,,,,,,,Richard,wk 26,Lew,Seattle,S - 5491-5497 - 3300p- 20/6/25,                                                                                                    ,O/# W50 2080332,
2025-01-30,SEA2279,"3FL112G00072 - 72"" X 39mm FLOKS",3FL112G00072,5100.0,WK7,CIP Seattle,0.0,13,5100.0,,,,,,,Richard,TBA,Lew,Seattle,Feb Delivery,                                                                                                    ,Jennmar O/No 551958,
2025-02-03,BNE2281,OSH106H-3003,JOS3003B,400.0,WK10,CIF,0.0,13,400.0,,,,,,,Richard,Delayed to wk 13,Lew,Brisbane,B - 5193 - 400p - 26/3/25,                                                                                                    ,Black,
2025-02-03,BNE2282,OSH106H-6003,JOS6003G,500.0,WK9,CIF,-20.0,18,240.0,19,280.0,,,,,Richard,Delayed to Wk 18/19,Lew,Brisbane,B - 5284/5285/5308 - 140+280pcs - 254/25,                                                                                                    ,Black,
2025-02-07,PER2285,SCGW6.3-1000,SCW6.3X1MG,100000.0,Current stock processed ASAP ,CIF,0.0,9,40000.0,13,60000.0,,,,,Ryan,wk 9 - 40K / Delayed to Wk 13,Lew,Fremantle,F - 5102/5194/5196 - 100000p - 26.2.25,                                                                                                    ,"Need to order in Galv 6.3 - 200 bundles x 500 lengths
Packed on pallets of 5000 lengths each
10 bundles of 500 lengths on each pallet",
2025-02-20,BNE2288,IMGX44H-46-5017-JAS,GXB5018101504G,40.0,WK8,CIF,1.0,13,39.0,,,,,,,Richard,WK 10/11,Lew,Brisbane,B - 5155 - 40p - 5/3/25,                                                                                                    ,Option 6 - Retrial,
2025-02-20,BNE2289,IMB5-44-4814-JCR,SMB4814101005C,1200.0,WK14,CIF,0.0,19,1200.0,,,,,,,Richard,Delayed to wk 19,Lew,Brisbane, - 5311/5312 - 600p - 5/5/25,                                                                                                    ,,
2025-02-20,ADE2290,IMG5H-44-4524,CCP45241010056G,2200.0,WK14,CIF,0.0,16,2200.0,,,,,,,Richard,Delayed to Wk 16,Lew,Adelaide,A - 5236-39 - 2200p - 14/4/25,                                                                                                    ,,
2025-02-20,ADE2291,IMG5H-44-4024,CCP40241010056G,2400.0,WK13,CIF,0.0,15,2400.0,,,,,,,Richard,Delayed to wk 15,Lew,Adelaide,A-5210-13 - 2400p - 3/4/25,                                                                                                    ,Qty revised to 2400pcs,
2025-03-05,PER2294,R500L4.0-Coils,CW500L4,48.0,WK10,CIF,0.0,Prior,36.0,10,12.0,,,,,Richard,wk 10 - 12 / wk 11 - 12 / WK 12 -24,Lew,Fremantle,,                                                                                                    ,Super Urgent Please,
2025-03-05,PER2296,D500L7.6-Spools,D500L07.6SP,24.0,WK12,CIF,0.0,16,24.0,,,,,,,Richard,Wk 16,Lew,Fremantle,,                                                                                                    ,Material Requisition 190325,
2025-03-05,PER2297,R500L7.1-Coils,CW500L7.1,6.0,WK12,CIF,0.0,13,3.0,16,3.0,,,,,Richard,Dealyed to /WK 13-3T Wk16-3T,Lew,Fremantle,F - 5195/5227 - 6p - 25.3.25,                                                                                                    ,,
2025-03-06,BNE2298,IMB55H-46-5017-JAS,SMB5112151504,960.0,WK15,CIF,0.0,18,960.0,,,,,,,Richard,Dealyed to Wk18,Lew,Brisbane,B-5295/5296 - 960p - 30/4/25,                                                                                                    ,,
2025-03-06,BNE2299,IMB45-66-5111-JEN2,SMB5112151504,3240.0,WK11,CIF,0.0,Prior,2160.0,13,1080.0,,,,,Richard,wk 11 - 2160 / wk 12 - 1080,Lew,Brisbane,B - 5163-65+91/92 - 3240p - 25.3.25,                                                                                                    ,URGENT PLEASE,
2025-03-06,BNE2300, IMGX4H4-44-5614-JMA,GXB5614101004G,540.0,WK8,CIF,-93.0,18,633.0,,,,,,,Richard,wk 17,Lew,Brisbane,B - 5282/5283 - 633p -25/4,                                                                                                    ,Revised Packaging,
2025-03-06,BNE2301, IMGX4-44-4812-JMA,GXB48121010040G,480.0,WK8,CIF,0.0,18,480.0,,,,,,,Richard,wk 17,Lew,Brisbane,B-5282-480p - 25/4/25,                                                                                                    ,Revised Packaging,
2025-03-06,CAN2302,IMGX6GA-44-1524C15,7TRIAL,2.0,WK11/12,Airfreight,2.0,,,,,,,,,Richard,wk 19 - 1 roll,Lew,Canada,,,Shipping to be decided,
2025-03-17,PER2298,R500L8-Coils,CW500L8,24.0,WK12,CIF,0.0,16,24.0,,,,,,,Ryan,wk 16,Lew,Fremantle,,,Material Requisition 190325,
2025-03-17,PER2299,R500L6.3Coils,CW500L6.3,24.0,ASAP,CIF,0.0,21,24.0,,,,,,,Ryan,Delayed to Wk 21,Lew,Fremantle,F - 5364 - 24p - 21/5/25,,,
2025-03-18,BNE2300,GXB5012101004G,GXB5012101004G,50.0,ASAP,CIF,-6.0,18,56.0,,,,,,,Richard,wk 18,Lew,Brisbane,B-5287-56pcs- 29/4/25,,ASW Part # IMGX44H-44-5011,
2025-03-19,PER2300,R500L5.0Coils,CW500L5,48.0,Wk13,CIF,0.0,13,24.0,15,24.0,,,,,Ryan,wk 13-24T / wk 15-24T,Lew,Fremantle,F - 5197 - 24 - 26/3/25,,,
2025-03-25,,Tie-3.15mm-1.2m,TIE3.15X1.5MM,7.2,WK18,CIF,-0.2999999999999998,17,3.0,21,4.5,,,,,RIchard,wk 16/ 20,Lew,Brisbane,B - 5240/5375/5376 - 7.5T - 20/5/25,,o/no IGP51954,
2025-03-25,,Tie-3.15mm-2.4m,TIE3.15X2.4MM,16.8,WK18,CIF,-7.199999999999999,15,24.0,,,,,,,RIchard,wk 15/16,Lew,Brisbane,,,o/no IGP51954,
2025-03-25,,Tie-3.15mm-2.4m,TIE3.15X2.4MM,24.0,WK22,CIF,-7.0,17,8.0,18,4.0,20/21,19.0,,,RIchard,wk 17/18/19,Lew,Brisbane,B - 5231/5308 - 14+4p - 8/5/25,,o/no IGP51955,
2025-03-26,PER2301,R500L5.0Coils,CW500L5,24.0,ASAP,CIF,0.0,16,12.0,16,12.0,,,,,Ryan,wk 16,Lew,Fremantle,F - 5221/5222 - 48p - 10/4/25,,,
2025-03-27,Jennmar USA,Bright Wire 6GA A1064,1RM0600,168.0,WK16,FOB,-0.5,18,168.5,,,,,,,RIchard,wk 18,Lew,FOB PK,,,70 coils of 2400 Kg each,
2025-03-27,Jennmar USA,Galv Wire 6GA A1064,1RM0600G,165.6,WK18,FOB,-0.8000000000000114,18,166.4,,,,,,,RIchard,wk 18,Lew,FOB PK,,,69 coils of 2400 Kg each,
2025-03-27,Jennmar USA,Bright Wire 8GA A 1064,1RM0800,88.8,WK20,FOB,-0.9000000000000057,18,89.7,,,,,,,RIchard,wk 18,Lew,FOB PK,,,37 coils of 2400 Kg each,
2025-03-27,Jennmar USA,Bright Wire 6GA A1064,1RM0600,160.8,WK22,FOB,0.0,24,160.8,,,,,,,RIchard,wk 24,Lew,FOB PK,P - 5451-5459 - 160.8T - 13/6/25,,67 coils of 2400 Kg each,
2025-03-27,Jennmar USA,Galv Wire 6GA A1064,1RM0600G,165.6,WK24,FOB,0.0,24,165.6,,,,,,,RIchard,wk 24,Lew,FOB PK,P - 5459 - 5467 - 165.6T - 13/6/25,,69 coils of 2400 Kg each,
2025-03-27,Jennmar USA,"FLOKS 39mm - 72"" Galv",3FL112G00072,51000.0,WK24,CIP Seattle,51000.0,,,,,,,,,RIchard,,Lew,Seattle,S - 5187 - 5100p - 18.4.25,,5100 FLOKS per container - 10 containers,
2025-03-28,PER2302,R500L5.0Coils,CW500L5,24.0,ASAP,CIF,0.0,16,24.0,,,,,,,Ryan,wk 16,Lew,Fremantle,F - 5223 - 48p - 10/4/25,,,
2025-04-01,ADE,IMG5H-44-4524,CCP45241010056G,2200.0,WK18/19,CIF,0.0,18,2200.0,,,,,,,Richard,WK 18,Lew,Adelaide,A- 5288/5289/5290/5291 - 2200p - 29/4/25,,,
2025-04-01,ADE,IMB5-44-4024,CC402410105,700.0,WK17,CIF,0.0,18,700.0,,,,,,,Richard,wk 17,Lew,Adelaide,A-5292-700p-29/4/25,,,
2025-04-01,BNE,IMG5H-44-4524,CCP45241010056G,2200.0,WK18,CIF,0.0,16,800.0,17,300.0,18,550.0,20,550.0,Richard,wk 18,Lew,Brisbane,B- 5231/5232/5245/5298/5342 - 1650+550pp-13/5/25,,,
2025-04-01,BNE,IMB5-44-5014-JNA,CC5014101005,1400.0,WK19,CIF,3.0,19,1397.0,,,,,,,Richard,wk 19,Lew,Brisbane,B-5308/5309/5310 - 1397p - 8/5/25,,,
2025-04-01,BNE,IMB5-46-5016-JNA,SMB5016151005S,1800.0,WK16,CIF,-4.0,17,1804.0,,,,,,,Richard,wk 17,Lew,Brisbane,B-5242-45 - 1804p - 17.4.25,,,
2025-04-02,TAS,IMB4-44-4814-CCC,SMF4814101004,1440.0,WK16/17,CIF,0.0,17,1440.0,,,,,,,Richard,wk 17,Lew,Tasmania,T - 5252/53 / 1440p - 21/4/25,,Please ship not later than wk 17,
2025-04-03,BNE,IMB5-44-5716,SMF5716101005,9720.0,WK19 & 22,CIF,0.0,19,2160.0,20,1620.0,21/25,2160.0,26/28,3780.0,Richard,Wk 19/20 - 4860 / wk 25/26,Lew,Brisbane,B - 5305/5306/5307/5322+(5336-41)+(5377-78)+5481/5483+5514-5118+5563/5564 - 2160p+1620p+1080p+1080p+2700p+1080p - 9/7/25,,Ship 4860 Wk19 & 4860 Wk 22,
2025-04-03,BNE,IMG5-44-5716,SMF5716101005G,4320.0,WK19 & 22,CIF,0.0,22,2160.0,24,2160.0,,,,,Richard,,,Brisbane,B - 5405-5408+5445-5448  - 2160+2160 - 10/6/25,,Ship 2160 Wk19 & 2160 Wk 22,
2025-04-03,BNE,IMB3H-44-2420-DCLA,SMF2420101003,4000.0,WK17,CIF,0.0,18,3600.0,19,200.0,31,200.0,,,Richard,wk 17,Lew,Brisbane,B- 5295/5296/5297/5308 +5621- 3600+200p+200p - 7/8/25,,,
2025-04-03,BNE,IMG3H-44-2417-DQL,SMF3H24171010G,2000.0,WK19,CIF,0.0,24,2000.0,,,,,,,Richard,Delayed to wk 24,Lew,Brisbane,B - 5450 - 2000p- 10/6/25,,,
2025-04-04,PER2303,R500L5.6Coils,CW500L5.6,72.0,ASAP,CIF,0.0,19,24.0,20,48.0,,,,,Ryan,wk 17/18/20,Lew,Fremantle,F-5319/5320/5331/5332/5333/5334 - 72p-20/5/25,,,
2025-04-08,PER2304,R500L6.0Coils,CW500L6,24.0,ASAP,CIF,0.0,16,24.0,,,,,,,Ryan,Wk 16,Lew,Fremantle,F - 5226 - 24p - 19/5/25,,,
2025-04-08,ADE,IMB4H-44-5024,SMB4H50241010,1200.0,WK19,CIF,0.0,20,600.0,27,600.0,,,,,Richard,wk 20 / 27,Lew,Adelaide,A- 5324+5528 - 600p+600p -3/7/25,,,
2025-04-08,ADE,IMB4H-44-5024,SMB4H50241010,2400.0,WK22,CIF,-600.0,27,3000.0,,,,,,,Richard,Delayed to wk 27,Lew,Adelaide,A - 5529-5532 - 3000p - 3/7/25,,,
2025-04-08,PER2305,R500L6.0Coils,CW500L6,72.0,ASAP,CIF,0.0,22,24.0,23,48.0,,,,,Ryan,wk 22/23,Lew,Fremantle,F - 5398/5420/5421/5422/5423 - 72p - 5/6/25,,,
2025-04-16,BNE,IMGX4H4-44-4811-JUL,GXB481110100VG,40.0,ASAP,CIF,0.0,18,40.0,,,,,,,Richard,wk 18,Lew,Brisbane,B - 5286 - 40p - 25/4/25,,Urgent - Trials to run with Gx mesh,
2025-04-22,PER2306,R500L5.0Coils,CW500L5,24.0,ASAP,CIF,0.0,18,24.0,,,,,,,Ryan,wk 18,Lew,Fremantle,F - 5294- 24p - 30/4/25,,,
2025-04-23,SEA,IMG5H-44-4524,CCP45241010056G,3300.0,WK28,FOB,0.0,27,3300.0,,,,,,,Richard,Wk 26/27,Lew,Seattle,S - 5543/5548 - 3300p - 3/7/25,                                                                                                    ,O/# W50 2083676,
2025-04-23,SEA,IMG5H-44-4524,CCP45241010056G,3300.0,WK30,FOB,0.0,30,3300.0,,,,,,,Richard,WK 29,Lew,Seattle,S - 5594/5595/5596/5597/5598/5599 - 3300p - 21/7/25,                                                                                                    ,O/# W50 2083677,
2025-04-23,SEA,IMG5H-44-4524,CCP45241010056G,3300.0,WK33,FOB,0.0,31,3300.0,,,,,,,Richard,WK 31,Lew,Seattle,S - 5514/5515/5516/5517/5518/5519 - 3300p - 28/7/25,                                                                                                    ,O/# W50 2083678,
2025-04-23,SEA,IMG5H-44-4524,CCP45241010056G,3300.0,WK35,FOB,0.0,36,3300.0,,,,,,,Richard,wk 36/37,Lew,Seattle,S - 5721/5722/5723/5724/5725/5726 - 3300p - 9/9/25,                                                                                                    ,O/# W50 2083679,
2025-04-23,SEA,IMG5H-44-4524,CCP45241010056G,3300.0,WK37,FOB,0.0,38,3300.0,,,,,,,Richard,wk 37,Lew,Seattle,S - 5755/5756/5757/5758/5759/5760/5761 - 3300p - 22/9/25,                                                                                                    ,O/# W50 2083680,
2025-04-23,SEA,IMG5H-44-4524,CCP45241010056G,3300.0,WK39,FOB,3300.0,,,,,,,,,Richard,wk 38,Lew,Seattle,Sep Delivery,                                                                                                    ,O/# W50 2083681,
2025-04-24,BNE,IMG5H-44-4524,CCP45241010056G,3300.0,WK20/21,CIF,0.0,20,1650.0,21,1650.0,,,,,Richard,wk 20/21,Lew,Brisbane,B - 5342/5343/5344/5366/5367/5368 1650p+1650p - 19/5/25,,,
2025-04-24,BNE,IMB45-66-5117-JEN,SMB5118151505,2160.0,WK22,CIF,0.0,22,2160.0,,,,,,,Richard,wk 22,Lew,Brisbane,B - 5383/5384/5385/5386 - 2160p - 27/5/25,,,
2025-04-24,BNE,IMB45-66-5111-JEN2,SMB5112151504,2160.0,WK22,CIF,0.0,22,2160.0,,,,,,,Richard,wk 22,Lew,Brisbane,B-5380/5381/5382 - 2160p - 27/5/25 ,,,
2025-04-24,BNE,IMB5-46-5016-JNA,SMB5016151005S,1200.0,WK23,CIF,0.0,29,1144.0,29,56.0,,,,,Richard,Delayed to Wk 29,Lew,Brisbane,B - 5590/5591/5588 - 1144p+110p - 18/7/25,,,
2025-04-24,BNE,IMG5H-44-4824,CCP48241010056G,1500.0,WK22,CIF,0.0,21,1500.0,,,,,,,Richard,wk 21,Lew,Brisbane,B - 5369/5370/5371 - 1500p - 20/5/25,,,
2025-04-24,BNE,IMB3H-44-2420-DCLA,SMF2420101003,4000.0,WK22,CIF,0.0,22,3200.0,24,800.0,,,,,Richard,Wk 23,Lew,Brisbane,B - 5404+5450 - 3200p+800p - 10/6/25,,,
2025-04-24,FRE,D500L9.5-Spools,D500L09.5SP,24.0,WK19,CIF,0.0,22,24.0,,,,,,,Richard,Delayed to Wk 22,Lew,Fremantle,F- 5401-24p - 28/5/25,,,
2025-04-24,FRE,D500L7.6-Spools,D500L07.6SP,48.0,WK19,CIF,0.0,22,48.0,,,,,,,Richard,Delayed to Wk 22,Lew,Fremantle,F- 5402/5403-48p - 28/5/25,,,
2025-04-24,FRE,D500L6.0-Spools,D500L06.0SP,48.0,WK19,CIF,0.0,25,48.0,,,,,,,Richard,Delayed to Wk 25/26,Lew,Fremantle,F- 5498/5499 / 48p - 20/6/25,,,
2025-04-24,FRE,IMG5H-44-3612,SMF36121010056G,500.0,WK19,CIF,0.0,21,500.0,,,,,,,Ryan,,,Fremantle,F-5365 - 500p - 22/5/25,,,
2025-04-24,BNE,IMB45-46-5414-JCR,SMB54141015045,40.0,WK20,CIF,0.0,19,40.0,,,,,,,Richard,wk 20,Lew,Brisbane,B-5308-40p-8/5/25,,,
2025-04-24,BNE,IMB45-46-4814-JCR,SMB48141015045,20.0,WK20,CIF,0.0,19,20.0,,,,,,,Richard,wk 20,Lew,Brisbane,B-5308-20p-8/5/25,,,
2025-04-29,ADE,IMB5-44-4524,SMF4524101005,1000.0,WK18/19,CIF,3.0,20,997.0,,,,,,,Richard,wk 20,Lew,Adelaide,A-5327/5328 - 997p - 13/5/25,,,
2025-04-29,ADE,IMG5H-44-4024,CCP40241010056G,2400.0,WK20,CIF,0.0,20,1800.0,21,600.0,,,,,Richard,wk 20,Lew,Adelaide,A- 5323/5325/5326+5354 - 1800p+600p - 20/5/25,,,
2025-04-29,BNE,IMG3H-44-2417-DQL,SMF3H24171010G,18000.0,WK23,CIF,200.0,24,3200.0,25,200.0,28,14400.0,,,Richard,wk 25/26/27,Lew,Brisbane,B - 5450/5449+5479+5521+(5558-5562) - 200+3200p+200p+12800p+1600p(5562)- 9/7/25,,,
2025-04-29,BNE,IMB5-44-5716,SMF5716101005,540.0,WK19 & 22,CIF,0.0,24,540.0,,,,,,,Richard,wk 25,Lew,Brisbane,B - 5480 - 540p - 18/6/25,,Changed to IMB (Black),
2025-04-30,BNE,IMG5H-44-4824,CCP48241010056G,1000.0,WK24,CIF,0.0,25,1000.0,,,,,,,Richard,wk 25,Lew,Brisbane,B - 5484/5485 - 1000p - 18/6/25,,,
2025-05-01,BNE,6MBW8,6MBW8,10.0,Wk24,CIF,0.0,37,9.0,42,1.0,,,,,Ryan,Delayed to Wk 29,Lew,Brisbane,B - 5740/5816 - 9p+1p - 19/10/25,,10 tons,
2025-05-01,BNE,6MBW6,6MBW6,5.0,Wk24,CIF,0.0,26,5.0,,,,,,,Ryan,wk 26,Lew,Brisbane,,,5 tons,
2025-05-01,FRE,R500L5.0Coils,CW500L5,48.0,ASAP,CIF,0.0,22,48.0,,,,,,,Richard,wk 22,Lew,Fremantle,F - 5399/5400 48p - 5/6/25,,,
2025-05-02,TAS,IMB4-44-4814-CCC,SMF4814101004,1440.0,WK20/21,CIF,0.0,22,1440.0,,,,,,,Richard,Wk 22,Lew,Tasmania,T - 5390/5391 - 1440p - 28/5/25,,,
2025-05-06,FRE,COILGW6.3,COILGW6.3,24.0,ASAP,CIF,0.0,23,24.0,,,,,,,Ryan,Wk 23,Lew,Fremantle,F - 5425 - 24p - 5/6/25,,,
2025-05-07,FRE,R500L5.0Coils,CW500L5,48.0,ASAP,CIF,0.0,23,24.0,24,24.0,,,,,Ryan,wk 23/24,Lew,Fremantle,F - 5426+5430/5433 - 24p+24p - 13/6/25,,,
2025-05-07,FRE,R500L4.0-Coils,CW500L4,48.0,Wk21,CIF,0.0,25,48.0,,,,,,,Ryan,wk 25,Lew,Fremantle,F - 5476/5477 - 48p-13/6/25,,,
2025-05-09,BNE,IMB5-64-5113-JMOL,SMB5113515105S,2464.0,Wk20/21,CIF,0.0,20,1232.0,21,1232.0,,,,,Richard,wk 24,Lew,Brisbane,B - 5338/5339/5375/5376 - 2464p - 19/5/25,,,Repalce with IMLG5-64-5113
2025-05-09,BNE,IMB5-64-5113-JMOL,SMB5113515105S,3696.0,WK24,CIF,0.0,25,1232.0,26,2464.0,,,,,Richard,Wk 25/26,Lew,Brisbane,B - 5500/5501 +5510-5513- 1232p+2464p - 24/6/25,,,Repalce with IMLG5-64-5113
2025-05-13,BNE,IMB5-44-5014-JNA,CC5014101005,1848.0,WK23,CIF,0.0,24,1848.0,,,,,,,Richard,WK 24,Lew,Brisbane,B - 5436/5437/5438 - 1848p - 10/6/25,,,
2025-05-13,BNE,IMB5-46-5016-JNA,SMB5016151005S,1200.0,WK23,CIF,2.0,29,1144.0,29,54.0,,,,,Richard,Delayed to Wk 29,Lew,Brisbane,B - 5591/5592 - 1144p - 15/7/25,,,
2025-05-13,BNE,IMB45-66-5111-JEN2,SMB5112151504,1080.0,WK26,CIF,0.0,29,1080.0,,,,,,,Richard,Delayed to Wk 29,Lew,Brisbane,B - 5587/5588 - 1080p - 15/7/25,,,
2025-05-13,BNE,IMB45-66-5117-JEN,SMB5118151505,2160.0,WK24,CIF,0.0,30,2160.0,,,,,,,Richard,Delayed to Wk 30,Lew,Brisbane,B - 5606/5607/5608/5609 - 2160p - 21/7/25,,,
2025-05-13,BNE,IMG5H-44-4824,CCP48241010056G,1500.0,WK23,CIF,0.0,22,1500.0,,,,,,,Richard,wk 22,Lew,Brisbane,B - 5387/5388/5389 - 1500p - 27/5/25,,,
2025-05-13,BNE,IMG5H-44-4524,CCP45241010056G,1650.0,WK23,CIF,0.0,24,1650.0,,,,,,,Richard,WK 24,Lew,Brisbane,B - 5439/5440/5441 - 1650p - 10/6/25,,,
2025-05-13,BNE,IMG5H-44-4524,CCP45241010056G,1650.0,WK24,CIF,0.0,24,1650.0,,,,,,,Richard,WK 24,Lew,Brisbane,B - 5442/5443/5444 - 1650p - 10/6/25,,,
2025-05-13,BNE,IMG5H-44-4524,CCP45241010056G,1650.0,WK25,CIF,0.0,26,1650.0,,,,,,,Richard,Delayed to Wk 29,Lew,Brisbane,B - 5519/5520/5521 - 1650p - 30/6/25,,,
2025-05-13,BNE,IMB5-44-5414-JEN,SMB5414101005C,2400.0,WK24,CIF,45.0,31,2355.0,,,,,,,Richard,Delayed to wl 31,Lew,Brisbane,B - 5623/5624/5625/5626 - 2355p - 7/8/25,,,
2025-05-13,BNE,IMB5-44-4814-JCR,SMB4814101005C,1600.0,WK22,CIF,-80.0,25,1200.0,26,480.0,,,,,Richard,WK 25,Lew,Brisbane,B - 5478/5479/5523 - 1200p+480p - 1/7/25,,URGENT,
2025-05-13,ADE,IMG5H-44-4524,CCP45241010056G,2200.0,WK23,CIF,0.0,23,2200.0,,,,,,,Richard,Wk 22,Lew,Adelaide,A - 5415 - 5418 - 2200p - 5/6/25,,,
2025-05-13,ADE,IMB5-44-4524,SMF4524101005,1000.0,WK24,CIF,0.0,28,1000.0,,,,,,,Richard,Delayed to Wk 28,Lew,Adelaide,A - 5574/5575 - 1000p - 9/7/25,,,
2025-05-13,FRE,IMG5-46-1100C30,SROL11005C305G,30.0,Wk25,CIF,-1.0,30,31.0,,,,,,,Ryan,Delayed to Wk 32,Lew,Fremantle,F - 5602 - 31p - 28/7/25,,,
2025-05-14,BNE,IMG5-46-1100C30,SROL11005C305G,40.0,Wk25,CIF,0.0,29,40.0,,,,,,,Ryan,Delayed to Wk 29,Lew,Brisbane,B - 5585/5587/5593-40p - 18/7/25,,,
2025-05-15,FRE,Tie-4.0mm-1000Kg Coil,TIE4.0X1000KG,4.0,WK23,CIF,0.0,23,4.0,,,,,,,Richard,wk 23,Lew,Fremantle,F - 5419 - 4p - 5/6/25,,Reworked galv wire as normal,
2025-05-16,FRE,COILGW5.6,COILGW5.6,1000.0,Each Week,CIF,-128.0,18/19/20,406.0,21,234.0,22,96.0,23/24/25,392.0,Richard,May/June,Lew,Fremantle,,,Order for May Shipments,
2025-05-21,BNE,OS106H-6003,JOS6003B,24.0,Ex Stock,CIF,0.0,21,24.0,,,,,,,Richard,wk 21,Lew,Brisbane,B-5374 - 24p - 22/5/25,,,
2025-05-21,BNE,OS106H-3003,JOS3003B,98.0,Ex Stock,CIF,0.0,21,98.0,,,,,,,Richard,wk 21,Lew,Brisbane,B-5374 - 98p - 22/5/25,,,
2025-05-21,BNE,IMB5-44-5014-JNA,CC5014101005,1848.0,WK23,CIF,0.0,29,1848.0,,,,,,,Richard,Delayed to Wk 29,Lew,Brisbane,B - 5583/5584/5585 - 1848p - 15/7/25,,,
2025-05-21,FRE,OS106H-4003,JOS4003B,222.0,Ex Stock,CIF,-1.0,21,223.0,,,,,,,Richard,wk 21,Lew,Fremantle,F - 5365 - 222p - 22/5/25,,,
2025-05-21,BNE,IMZG4-305-2424,MP242404G,100.0,,EXW,0.0,24,100.0,,,,,,,Richard,wk24,X,Brisbane,B - 15427 - 9/6/25,,Ex KCSS - RM320,
2025-05-21,BNE,IMZG4-305-3024,MP302404G,140.0,,EXW,0.0,24,140.0,,,,,,,Richard,wk24,X,Brisbane,B - 15427 - 9/6/25,,Ex KCSS - RM394,
2025-05-21,BNE,IMZG4-305-3124,MP312404G,100.0,,EXW,0.0,24,100.0,,,,,,,Richard,wk24,X,Brisbane,B - 15427 - 9/6/25,,Ex KCSS - RM406,
2025-05-21,BNE,IMZG4-305-3624,MP362404G,40.0,,EXW,0.0,24,40.0,,,,,,,Richard,wk24,X,Brisbane,B - 15427 - 9/6/25,,Ex KCSS - RM480,
2025-05-23,BNE,IMG3H-33-2516,SMF2516757503G,3400.0,WK25,DDP,0.0,31,3400.0,,,,,,,Ryan,Delayed to Wk 31,Lew,Brisbane,B - 5620 - 3400p - 31/7/25,,Direct ship to customer - ATF,
2025-05-23,SYD,IMG3H-33-2516,SMF2516757503G,3400.0,WK25,DDP,0.0,30,3400.0,,,,,,,Ryan,Delayed to Wk 30,Lew,Sydney,S - 5610 - 3400p - 23/7/25,,Direct ship to customer - ATF,
2025-05-23,FRE,R500SL41,SL41,1000.0,WK24,CIF,0.0,28,1000.0,,,,,,,Richard,Delayed to Wk 28,Lew,Fremantle,F - 5555/5556 - 1000p  - 9/7/25,,Black SL41 (Not Galv),
2025-05-27,FRE,47mm FLOKS - Aus Std,JFL4724G,22000.0,WK26-28,CIF,2650.0,34,13200.0,35,6150.0,,,,,Richard,wk 26/27/28/29,Lew,Fremantle to SYD,S - 5693/5694/5695/5696+5705/5706 - 13200p+6150p - 21/10/25,,Change to POD Sydney,
2025-05-28,BNE,IMG3H-44-2417-DQL,SMF3H24171010G,1600.0,WK23,CIF,0.0,28,1600.0,,,,,,,Richard,wk 26/27,Lew,Brisbane,B - 5562  - 1600p - 9/7/25,,,
2025-05-29,BNE,IMB3H-44-2420-DCLA,SMF2420101003,3000.0,WK28/29,CIF,3000.0,,,,,,,,,Richard,CANCEL,Lew,Brisbane,,,,
2025-05-29,ADE,IMG4D-66-3012,SMESH300011704,5000.0,WK30,CIF,5000.0,,,,,,,,,Richard,wk 38 - 1500,Lew,Adelaide,,,Cancelled,
2025-05-29,BNE,IMG5H-44-4524,CCP45241010056G,3300.0,WK27/28,CIF,0.0,26,550.0,28,2200.0,29,550.0,,,Richard,Wk 29,Lew,Brisbane,B-5522+5571/5572/5573/5576+5586 - 550p+2200p+550p - 15/7/25,,,
2025-05-29,BNE,IMG5H-44-4824,CCP48241010056G,2000.0,WK26/27,CIF,0.0,25,2000.0,,,,,,,Richard,wk 25,Lew,Brisbane,B - 5486/5487/5488/5489 - 2000p - 18/6/25,,,
2025-05-29,BNE,IMB5-44-5014-JNA,CC5014101005,792.0,WK25,CIF,0.0,25,616.0,26,66.0,29,66.0,42,44.0,Richard,,Lew,Brisbane,B - 5482/5523/5588 - 616p+66p+66p - 19/10/25,,,
2025-05-29,BNE,IMB5-44-5716,SMF5716101005,8100.0,WK28/29,CIF,0.0,32,4860.0,33,3240.0,,,,,Richard,wk 32/33,Lew,Brisbane,B -  5641/5642/5643/5644/5645/5646/5647/5648/5649/5655/5656/5657/5658/5659/5660 - 4860p+3240 - 19/8/25,,,
2025-05-29,BNE,IMG5-44-5716,SMF5716101005G,1080.0,WK19 & 22,CIF,0.0,25,1080.0,,,,,,,Richard,wk 25,Lew,Brisbane,B-5490/5491 - 1080p - 18/6/25,,,
2025-05-29,BNE,IMB5-64-5113-JMOL,SMB5113515105S,3696.0,WK28,CIF,0.0,28,3696.0,,,,,,,Richard,WK 27,Lew,Brisbane,B - 5565-5570 - 3696p - 9/7/25,,,
2025-05-29,ADE,IMG5H-44-4524,CCP45241010056G,2200.0,WK26/27,CIF,0.0,27,2200.0,,,,,,,Richard,wk 27,Lew,Adelaide,A - 5524/555/5526/5527 -2200p -  3/7/25,,,
2025-05-29,TAS,IMB4-44-4814-CCC,SMF4814101004,1440.0,WK24/25,CIF,0.0,30,1440.0,,,,,,,Richard,Delayed to Wk 29,Lew,Tasmania,T - 5611/5612 - 1440p - 23/7/25,,,
2025-05-29,FRE,D500L9.5-Spools,D500L09.5SP,24.0,WK24,CIF,0.0,27,24.0,,,,,,,Richard,wk 27,Lew,Fremantle,F - 5542 - 24p - 3/7/25,,,
2025-05-29,FRE,R500L5.0Coils,CW500L5,48.0,WK23,CIF,0.0,24,24.0,30,24.0,,,,,Richard,wk 24,Lew,Fremantle,F - 5435+5603 - 24p+24p- 10/6/25,,,
2025-05-29,FRE,R500L5.6Coils,CW500L5.6,24.0,WK23,CIF,0.0,25,24.0,,,,,,,Richard,Delayed to WK 26,Lew,Fremantle,F - 5475 - 24p - 13/6/25,,,
2025-06-03,FRE,IMZG4-305-2424,MP242404G,300.0,WK23,CIF,0.0,21,300.0,,,,,,,Richard,,KCSS,Fremantle,F - 5379 - 300p - 5/6/25,,Shipping arranged and paid by DMW,Supplier KCSS
2025-06-03,FRE,IMZG4-305-3024,MP302404G,115.0,WK23,CIF,0.0,21,115.0,,,,,,,Richard,,KCSS,Fremantle,F - 5379 - 115p - 5/6/25,,Shipping arranged and paid by DMW,Supplier KCSS
2025-06-06,FRE,R500L6.3Coils,CW500L6.3,24.0,WK24,CIF,0.0,27,24.0,,,,,,,Richard,Delayed to Wk 27,Lew,Fremantle,F - 5537 - 24p - 3/7/25,,,
2025-06-09,FRE,R500L7.1-Coils,CW500L7.1,12.0,WK24,CIF,0.0,28,12.0,,,,,,,RIchard,wk 28,Lew,Fremantle,F - 5557 - 12p - 9/7/25,,,
2025-06-12,FRE,R500L5.0Coils,CW500L5,24.0,WK26,CIF,0.0,27,24.0,,,,,,,RIchard,wk 27,Lew,Fremantle,F - 5541 - 24p - 3/7/25,,,
2025-06-12,FRE,R500L5.6Coils,CW500L5.6,48.0,WK26,CIF,0.0,26,24.0,27,24.0,,,,,RIchard,wk 27,Lew,Fremantle,F - 5508/5540 - 24p+24p - 3/7/25,,,
2025-06-12,FRE,R500L4.0-Coils,CW500L4,24.0,WK26,CIF,0.0,26,24.0,,,,,,,RIchard,wk 26,Lew,Fremantle,F - 5509 - 24p - 24/6/25,,,
2025-06-12,BNE,IMB5-64-5113-JMOL,SMB5113515105S,2376.0,WK30,CIF,0.0,29,682.0,31,308.0,32,1320.0,33,66.0,RIchard,WK 30/31/32/33,Lew,Brisbane,B - 5588/5589+5621+5652/5653/5654/5661 - 682p+308p+1320p+66p - 22/8/25,,,
2025-06-12,BNE,IMG4-44-2015-JNA,CC2015101004G,10000.0,WK28,CIF,0.0,37,3400.0,40,300.0,41,6300.0,,,RIchard,wk 37,Lew,Brisbane,B - 5739/5782+ 5792/5795/5796- 1600p+300p +6300p 15/10/25,,,
2025-06-12,BNE,IMB5-46-5016-JNA,SMB5016151005S,1584.0,WK30,CIF,0.0,44,1474.0,52,110.0,,,,,RIchard,Delayed to Wk 43/44,Lew,Brisbane,B - 5846/5847/5848+6007 - 1474p+110p - 24/12/25,,,
2025-06-13,BNE,IMG5H-44-4024,CCP40241010056G,1200.0,WK26,CIF,0.0,30,1200.0,,,,,,,RIchard,Delayed to Wk 30,Lew,Brisbane,B - 5604/5605 - 1200p - 21/7/25,,,
2025-06-13,ADE,IMG5H-44-4024,CCP40241010056G,2400.0,WK26,CIF,0.0,45,1800.0,46,600.0,,,,,RIchard,WK 46/47/48,Lew,Adelaide,A - 5867/5868/5869+5898 - 1800p+600p - 17/11/25,,,
2025-06-13,ADE,IMG5H-44-4024,CCP40241010056G,1200.0,WK29,CIF,0.0,39,1200.0,,,,,,,RIchard,,Lew,Adelaide,A - 5775/5776 - 1200p - 29/9/25,,,
2025-06-18,FRE,COILGW5.6,COILGW5.6,1000.0,Each Week,CIF,22.299999999999955,26,145.0,27,142.0,28/29/30/31/32/33,349.7,34/35/36/37,341.0,RIchard,,Lew,Fremantle,,,,
2025-06-20,FRE,R500SL41,SL41,1000.0,WK26,CIF,0.0,28,1000.0,,,,,,,Rob,wk 28,Lew,Fremantle,F - 5556/5557 - 1000p - 9/7/25,,,
2025-06-23,FRE,R500L4.0-Coils,CW500L4,2.0,ASAP,CIF,0.0,27,2.0,,,,,,,Adam,wk 27,Lew,Fremantle,F - 5539 - 2p - 3/7/25,,make this from SAE1008 material - Trial,
2025-06-25,BNE,IMB5-44-5014-JNA,CC5014101005,1584.0,WK28,CIF,-17.0,42,990.0,44,611.0,,,,,Richard,Delayed to Wk 42,Lew,Brisbane,B - 5816/5817/5851 - 990p+611p - 30/10/25,,,ROSS PO closed. 611pcs move to PO: 253629
2025-06-26,FRE,FBRING47,FBRING47,15000.0,WK32,CIF,0.0,31,15000.0,,,,,,,Rob,wk 31,Lew,Fremantle,F - 5635 - 15000p - 4/8/25,,,
2025-06-29,FRE,R500SL41,SL41,1000.0,WK32,CIF,-7.0,32,1007.0,,,,,,,Rob,wk 31,Lew,Fremantle,F - 5636/5637 - 1007p - 7/8/25,,,
2025-07-03,BNE, IMGX4H4-44-5614-JMA,GXB5614101004G,2160.0,WK30,CIF,20.0,37,120.0,38,1920.0,41,60.0,42,40.0,Richard,wk 38,Lew,Brisbane,B - 5740/5745/5746/5747/5748/5750/5751/5755/5796/5816- 120p+1920p+60pcs+40pcs - 19/10/25,,,
2025-07-03,BNE,IMG5-44-5716,SMF5716101005G,2160.0,WK32,CIF,5.0,38,1620.0,40,535.0,,,,,Richard,wk 36,Lew,Brisbane,B - 5752/5753/5754+5785 - 1620p+535p - 7/10/25,,,
2025-07-03,Jennmar USA,Bright Wire 6GA A1064,1RM0600,326.4,WK34,FOB,-0.4000000000000341,41,326.8,,,,,,,RIchard,wk 42/43,Lew,FOB PK,P - 5797-5813 - 136Coil - 27.10.25,,Total of 55 containers,
2025-07-03,Jennmar USA,Galv Wire 6GA A1064,1RM0600G,388.8,WK34,FOB,-4.800000000000011,33,388.8,44,4.8,,,,,RIchard,wk 34/35,Lew,FOB PK,P - 15567 - 15686 - 162 coils(388.8tons - 22/8/25,,,
2025-07-03,Jennmar USA,Bright Wire 8GA A 1064,1RM0800,240.0,WK34,FOB,-0.9799999999999898,43,9.69,45,231.29,,,,,RIchard,Wk 46/47/48,Lew,FOB PK,100 coils,,,
2025-07-03,Jennmar USA,Bright Wire 6.5GA A 1064,1RM0650,100.8,WK34,FOB,0.0,43,100.8,,,,,,,RIchard,Wk 44,Lew,FOB PK,42 coils,,,
2025-07-04,BNE,IMGX4H4-46-5017-JAS,GXB501710154G,960.0,WK32,CIF,480.0,40,480.0,,,,,,,Richard,Delayed to wk 40,Lew,Brisbane,B - 5783 - 480p - 7/10/25,,Balance canclled,
2025-07-08,FRE,R500L6.3Coils,CW500L6.3,24.0,WK32,CIF,0.0,29,24.0,,,,,,,Rob,wk 29,Lew,Fremantle,F- 5582 - 24p -15/7/25,,,
2025-07-08,FRE,D500L6.0-Spools,D500L06.0SP,24.0,WK31,CIF,0.0,33,24.0,,,,,,,Rob,wk 30,Lew,Fremantle,F - 5665 - 24p - 14/8/25,,,
2025-07-11,FRE,R500L5.0Coils,CW500L5,48.0,ASAP,CIF,0.0,30,48.0,,,,,,,Rob,wk 30,Lew,Fremantle,F - 5600/5601 - 48p - 21/7/25,,,
2025-07-11,BNE,IMB5-44-5716,SMF5716101005,540.0,WK32,CIF,-60.0,38,510.0,40,90.0,,,,,Richard,wk 37,Lew,Brisbane,B - 5749/5784/5787 - 510p + 90p - 7/10/25,,Sandvik Order 367612,
2025-07-11,ADE,IMB4H-44-5024,SMB4H50241010,1200.0,WK29,CIF,0.0,33,1200.0,,,,,,,Richard,wk 34,Lew,Adelaide,A- 5687/5688 - 1200p - 19/8/25,,BHP O/No 4518171917,
2025-07-15,ADE,IMG5H-44-4524,CCP45241010056G,3300.0,WK30,CIF,0.0,40,1650.0,42,1650.0,,,,,Richard,wk 39/42,Lew,Adelaide,A - 5788/5789/5790+ 5824/5825/5826 - 1650p+1650p - 9/10/25,,,
2025-07-15,ADE,IMG5H-44-4024,CCP40241010056G,1800.0,WK33,CIF,0.0,46,1800.0,,,,,,,Richard,WK 46/47/48,Lew,Adelaide,A - 5899/5900/5901 - 1800p - 17/11/25,,,
2025-07-15,BNE,IMG5H-44-4524,CCP45241010056G,2200.0,WK31,CIF,0.0,31,2200.0,,,,,,,Richard,wk 31,Lew,Brisbane,B - 5627/5628/5629/5630 - 2200p - 28/7/25,,,
2025-07-15,BNE,IMG5H-44-4524,CCP45241010056G,2200.0,WK32,CIF,0.0,36,550.0,37,1650.0,,,,,Richard,wk 36,Lew,Brisbane,B - 5714+5734/5735/5736 - 550p+1650p - 12/9/25,,,
2025-07-15,BNE,IMG5H-44-4524,CCP45241010056G,1100.0,WK33,CIF,0.0,37,1100.0,,,,,,,Richard,wk 37/38,Lew,Brisbane,B - 5737/5738 - 1100p - 12/9/25,,,
2025-07-15,BNE,IMG5H-44-4824,CCP48241010056G,1000.0,WK31,CIF,0.0,31,1000.0,,,,,,,Richard,wk 31,Lew,Brisbane,B - 5631/5632 - 1000p - 4/8/25,,,
2025-07-15,BNE,IMG5H-44-4824,CCP48241010056G,1000.0,WK32,CIF,0.0,31,500.0,32,500.0,,,,,Richard,wk 32,Lew,Brisbane,B - 5633+5651 - 500+500p - 14/8/25,,,
2025-07-15,BNE,IMG5H-44-4824,CCP48241010056G,500.0,WK33,CIF,100.0,32,400.0,,,,,,,Richard,wk 31,Lew,Brisbane,B - 5652 - 400p - 14/8/25,,,
2025-07-15,BNE,IMG4-44-2015,CC2015101004G,6000.0,WK34,CIF,0.0,36,3800.0,37,2200.0,,,,,Richard,wk 36,Lew,Brisbane,B - 5713/5739/5740 - 3800p+ 2200p+1800p 18/9/25,,,
2025-07-15,BNE,IMB5-44-4824,CCP4824101005,1000.0,WK33,CIF,0.0,33,1000.0,,,,,,,Richard,wk 34,Lew,Brisbane, - 5661/5692 - 1000p - 22/8/25,,,
2025-07-15,BNE,IMG5H-44-4024,CCP40241010056G,600.0,WK33,CIF,0.0,32,600.0,,,,,,,Richard,wk 31,Lew,Brisbane,B - 5650 - 600p - 11/8/25,,,
2025-07-15,BNE,IMG34-44-2415 JASH,SMF24151010034G,1500.0,WK30,CIF,0.0,31,1500.0,,,,,,,Richard,Wk 31,Lew,Brisbane,B - 5622 - 1500p - 7/8/25,,URGENT,
2025-07-15,BNE,IMB5-46-4814-MCO,SMB4814101505,1200.0,WK32,CIF,1200.0,,,,,,,,,Richard,wk 39,,Brisbane,,,,
2025-07-16,FRE,IMZGH-305H-64H24H,MP642404G,34.0,ASAP,CIF,34.0,,,,,,,,,Adam,wk 34,KCSS,Fremantle,F - 5703 - 34p - 15/8/25,,kcss TO SUPPLY,
2025-07-16,FRE,IMZG4-305H-46H24H,MP462404G,26.0,ASAP,CIF,26.0,,,,,,,,,Adam,wk 34,KCSS,Fremantle,F - 5703 - 26p - 15/8/25,,kcss TO SUPPLY,
2025-07-16,FRE,IMG5H-44-4524,CCP45241010056G,300.0,ASAP,CIF,0.0,33,300.0,,,,,,,Adam,wk 34,Lew,Fremantle,F - 5703 - 300p - 15/8/25,,to top up KCSS flat rack container.,
2025-07-16,FRE,R500L5.0Coils,CW500L5,48.0,WK32,CIF,0.0,31,24.0,43,24.0,,,,,Rob,wk 32,Lew,Fremantle,F - 5634+5835 - 24p+24p - 27/10/25,,24T DIRECT SHIP TO MADDINGTON CONCRETE,
2025-07-16,BNE,IMB3H-44-2618-DAIR,SMF2618101003,1200.0,WK32,CIF,0.0,31,1200.0,,,,,,,Richard,wk 31,Lew,Brisbane,B - 5622 - 1200p - 7/8/25,,,
2025-07-17,FRE,R500L8-Coils,CW500L8,24.0,WK33,CIF,0.0,33,24.0,,,,,,,Rob,wk 32,Lew,Fremantle,F -  5662 - 24p - 14/8/25,,,
2025-07-17,FRE,D500L8.6-Spools,D500L08.6SP,48.0,WK34,CIF,0.0,33,48.0,,,,,,,Rob,wk 32,Lew,Fremantle,F - 5663/5664 - 48p - 14/8/25,,,
2025-07-17,FRE,D500L7.6-Spools,D500L07.6SP,24.0,WK34,CIF,0.0,32,24.0,,,,,,,Rob,wk 32,Lew,Fremantle,F - 5638 - 24p- 7/8/25,,,
2025-07-18,FRE,R500L4.0-Coils,CW500L4,48.0,WK34,CIF,0.0,32,48.0,,,,,,,Rob,wk 32,Lew,Fremantle,F - 5639/5640 - 48p - 11/8/25,,,
2025-07-22,FRE,IMG5-46-6011,SYARD601110155G,1000.0,WK35,CIF,0.0,39,1000.0,,,,,,,Adam,wk 39,Lew,Fremantle,F - 5766/5767 - 1000p - 29/9/25,,,
2025-07-22,BNE,OSH106H-5803,JOS5803B,440.0,WK32,CIF,0.0,31,440.0,,,,,,,Richard,WK 31,Lew,Brisbane,B - 5621/5631/5632/5633 - 440p - 2/8/25,,,
2025-07-23,BNE,IMGX4H4-44-4811-JUL,GXB48111010VGU3,2000.0,WK39,CIF,0.0,40,600.0,41,1400.0,,,,,Richard,wk 41,Lew,Brisbane,B - 5782/5792/5793/5794 - 600p+1400p - 17/10/25,,,
2025-07-23,BNE,IMB4-626-1821-JUL,SMF2118151504U3,2000.0,WK39,CIF,0.0,46,2000.0,,,,,,,Richard,WK 46/47,Lew,Brisbane,B - 5890/5891/5892/5893 - 2000p- 17/11/25,,,
2025-07-23,BNE,IMGX44H-44-5012-VGUW,GXB50121010VGUW,6000.0,WK39,CIF,30.0,42,120.0,43/45,3000.0,46,2520.0,52,330.0,Richard,Wk 41-3k / WK 45/46-3K,Lew,Brisbane,B - 5822+5829/5830/5833/5874/5877+5890/5891+5892/5893+6008  - 120p+2160+840p+2520p+330p - 17/11/25,,,
2025-07-23,BNE,IMB4-626-1117-JULW,SMF1711151504UW,6000.0,WK39,CIF,0.0,42,6000.0,,,,,,,Richard,wk 42,Lew,Brisbane,B - 5823 - 6000p - 30/10/25,,,
2025-07-23,BNE,IMGX44H-44-5012-JOA,GXB50121010VGOC,3200.0,WK39,CIF,0.0,41,960.0,43/44/45,2240.0,,,,,Richard,WK 42/43/44,Lew,Brisbane,B - 5819/5822+5831/5832+5849+5874 - 960p+1440p+720p+80p - 8/11/25,,,
2025-07-23,BNE,IMG4-44-3024-JOA,SMF302410104GOC,1800.0,WK39,CIF,0.0,42,1800.0,,,,,,,Richard,WK 42,Lew,Brisbane,B - 5821/5822 - 1800p - 19/10/25,,,
2025-07-24,BNE,IMGX4H4-46-5012-JKE,GXB50121015VG,50.0,WK39,CIF,-30.0,41,80.0,,,,,,,Richard,wk 41,Lew,Brisbane,B- 5794 - 80p - 15/10/25,,Kestrel Trial Sheets,
2025-07-25,BNE, IMGX4H4-44-5614-JMA,GXB5614101004G,2400.0,WK38,CIF,0.0,39,2400.0,,,,,,,Paul,wk 38,Lew,Brisbane,B - 5768/5769/5770/5772 - 2400p - 29/9/25,,,
2025-07-31,ADE,IMB4H-44-5024,SMB4H50241010,1800.0,WK36,CIF,0.0,33,1800.0,,,,,,,Richard,wk 34,Lew,Adelaide,A - 5689/5690/5691 - 1800p - 19/8/25,,BHP O/No 4518318154,
2025-08-05,FRE,R500L6.3Coils,CW500L6.3,24.0,WK36,CIF,0.0,35,24.0,,,,,,,Rob,Wk 35/36,Lew,Fremantle,F - 5711 - 24p - 29/8/25,,,
2025-08-06,IND,OS106H-6003G,JOS6003G,255.0,ASAP,FOB,0.0,36,255.0,,,,,,,Richard,Wk 35/36 from Kapar,Lew,India,IND - 5712 -255p - 28/8/25,,Minova Runaya,
2025-08-06,BNE,IMG3H-44-2518,SMF2518101031G,3000.0,WK37,CIF,-39.0,45,3039.0,,,,,,,Richard,WK 43/44,Lew,Brisbane,B - 5875 - 6/11/25,,Sandvik O/No 367944,
2025-08-06,BNE,IMG3H-44-2516,SMF2516101031G,3000.0,WK37,CIF,-36.0,47,3036.0,,,,,,,Richard,WK 44/45/46,Lew,Brisbane,B - 5922 - 3036p - 20/11/25,,Sandvik O/No 367943,
2025-08-09,BNE,IMG4D-66-3012,SMESH300011704,3000.0,WK40,CIF,1695.0,39,1305.0,,,,,,,Richard,,Lew,Brisbane,B - 5774 - 1305p - 6/10/25,,Note destination change to Brisbane,
2025-08-09,BNE,IMG4D-66-3012,SMESH300011704,5000.0,WK40,CIF,2550.0,34,950.0,39,1500.0,,,,,Richard,wk 34/35,Lew,Brisbane,B - 5704/5773 - 950p+1500pcs - 3/10/25,,,
2025-08-09,BNE,IMG34-44-2415 JASH,SMF24151010034G,1600.0,WK35,CIF,0.0,43,1600.0,,,,,,,Richard,wk 43,Lew,Brisbane,B - 5834 - 1600p - 30/10/25,,,
2025-08-09,BNE,IMB5-64-5113 JMOL (new),SMB5113515105S,2772.0,WK37,CIF,0.0,33,66.0,34/42,396.0,49,1782.0,50/51,528.0,Richard,wk 46/47/48/49/50,Lew,Brisbane,B - 5692/5704/5816+5957/5959/5960/5961+5989 - 66p+308p+88pcs+1782p+101p +427p - 22/12/25,,,
2025-08-09,BNE,IMB3H-44-2618-DAIR,SMF2618101003,1200.0,WK36,CIF,0.0,49,1200.0,,,,,,,Richard,Wk 46/47,Lew,Brisbane,B-5958 - 1200p - 5/12/25,,,
2025-08-09,BNE,IMG5H-44-4824,CCP48241010056G,2000.0,WK36,CIF,0.0,38,2000.0,,,,,,,Richard,WK  38,Lew,Brisbane,B - 5745/5746/5747/5748 - 22/9/25,,,
2025-08-09,BNE,IMG4-44-2015,CC2015101004G,6000.0,WK37,CIF,0.0,50,6000.0,,,,,,,Richard,wk 50 /51,Lew,Brisbane,B - 5961/5962 - 6000p - 10/12/25,,,
2025-08-10,FRE,R500L5.6Coils,CW500L5.6,24.0,WK38,CIF,0.0,36,24.0,,,,,,,Rob,wk 36,Lew,Fremantle,F  - 5718 - 24p - 3/9/25,,,
2025-08-11,TAS,IMB4-44-4814-CCC,SMF4814101004,1440.0,WK37,CIF,0.0,46,1440.0,,,,,,,Richard,,Lew,Tasmania,T - 5896/5897 - 1440p - 17/11/25,,,
2025-08-13,BNE,IMB3H-44-2420-DCLA,SMF2420101003,2700.0,WK37,CIF,0.0,32,100.0,50,2600.0,,,,,Richard,wk 48/49,Lew,Brisbane,B -  5651+5964 - 100p+2600p - 16/8/25,,Changed to 2700 - AHOFF 31.10.2025,
2025-08-14,FRE,R500L8-Coils,CW500L8,24.0,WK39,CIF,0.0,37,24.0,,,,,,,Rob,wk 37,Lew,Fremantle,F - 5733 - 24p - 12/9/25,,Must be 1T Coils ,
2025-08-18,FRE,D500L8.6-Spools,D500L08.6SP,24.0,WK38,CIF,0.0,38,24.0,,,,,,,Rob,wk 38,Lew,Fremantle,F - 5742 - 24p - 19/9/25,,Must be 1T Coils ,
2025-08-25,ADE,IMB4H-44-5024,SMB4H50241010,1800.0,WK38,CIF,0.0,45,1800.0,,,,,,,Richard,wk 45/46,Lew,Adelaide,A - 5864/5865/5866 - 1800p - 6/11/25,,O/No 4518432650,
2025-08-25,ADE,IMB4H-44-5024,SMB4H50241010,1800.0,WK40,CIF,0.0,49,1800.0,,,,,,,Richard,wk 49/50,Lew,Adelaide,A - 5951/5952/5953 - 1800p - 5/12/25,,O/No 4518432651,
2025-08-25,ADE,IMB4H-44-5024,SMB4H50241010,600.0,WK40,CIF,0.0,49,600.0,,,,,,,Richard,wk 49/50,Lew,Adelaide,A - 5954 - 600p - 5/12/25,,O/No 4518432652,
2025-08-26,FRE,R500L5.0Coils,CW500L5,24.0,WK41,CIF,0.0,40,24.0,,,,,,,Rob,wk 40,Lew,Fremantle,F - 5780 - 24p - 7/10/25,,,
2025-08-26,FRE,D500L8.6-Spools,D500L08.6SP,24.0,WK41,CIF,0.0,39,24.0,,,,,,,Rob,wk 39,Lew,Fremantle,F - 5766/5767 - 24p - 29/9/25,,Must be 1T Coils ,
2025-08-29,BNE,IMG55H-46-5017-JAS,SMB5018101005G,1920.0,WK41,CIF,0.0,39,480.0,40,1440.0,,,,,Richard,wk 40,Lew,Brisbane,B - 5771+5784/5786/5787 - 480p+1440p - 7/10/25,,,
2025-09-01,NZ,IMG3H-33-2516,SMF2516757503G,1500.0,WK40/41,CIF,0.0,45,1500.0,,,,,,,Adam,wk 45/46,Lew,Auckland,ALK - 5870 - 1500p - 6/11/25,,,
2025-09-02,FRE,R500L5.6Coils,CW500L5.6,24.0,WK41,CIF,0.0,41,24.0,,,,,,,Rob,wk 40,Lew,Fremantle,F - 5815 - 24p - 12/10/25,,,
2025-09-03,FRE,R500SL41,SL41,1000.0,WK44/45,CIF,1000.0,,,,,,,,,Terry,wk 50/51,Lew,Fremantle,,,Cancelled - Rob email dated 19.11.25,
2025-09-06,FRE,R500L7.1-Coils,CW500L7.1,12.0,WK41,CIF,0.0,42,12.0,,,,,,,Rob,wk 42,Lew,Fremantle,F - 5824 - 12p - 19/10/25,,,
2025-09-10,BNE,IMB45-66-5111,SMB5112151504,1080.0,WK42,CIF,0.0,41,1080.0,,,,,,,RIchard,Wk 40,Lew,Brisbane,B - 5791/5794 - 1080p - 15/10/25,,,
2025-09-10,BNE,IMB45-66-5117-DEN,SMB5118151505,1080.0,WK42,CIF,0.0,1,1080.0,,,,,,,RIchard,wk 1,Lew,Brisbane,B - 6018/6019 - 1080p - 5/1/26,,,
2025-09-10,BNE,IMG34-44-2415 JASH,SMF24151010034G,1500.0,WK39,CIF,0.0,43,1500.0,,,,,,,RIchard,wk 45/46,Lew,Brisbane,B - 5834 - 1500p - 30/10/25,,,
2025-09-10,BNE,IMB5-64-5113 JMOL (new),SMB5113515105S,2037.0,WK42,CIF,0.0,51,805.0,52/1,1232.0,,,,,RIchard,wk 52/1,Lew,Brisbane,B - 5989/5990+6009+6010+6020 - 805p+616p+616p  - 5/1/26,,,
2025-09-10,BNE,IMB4-44-2214,SMF2214101004,2000.0,WK41,CIF,0.0,46,800.0,47,1200.0,,,,,RIchard,Wk 46/47,Lew,Brisbane,B - 5893 - 800p - 17/11/25,,,
2025-09-10,BNE,IMGX45-44-5614 JMA ,GXB5614101004G,2160.0,WK43,CIF,5.0,50,595.0,52,1560.0,,,,,RIchard,wk 46/47/48,Lew,Brisbane,B - 5663+6005/6006/6007 - 595p+1560p - 24/12/25,,*21/11/25 4.75mm revised to 5mm,
2025-09-10,BNE,IMB4-44-4814-CCC,SMF4814101004,1440.0,WK44,CIF,1440.0,,,,,,,,,RIchard,,,Brisbane,,,Cancelled -  A Hoff - 12.10.2025,
2025-09-10,BNE,IMB3H-44-2618-DAIR,SMF2618101003,1200.0,WK44 ,CIF,-24.0,49,1224.0,,,,,,,RIchard,wk 47/48,Lew,Brisbane,B-5958 - 1224p - 5/12/25,,,
2025-09-11,BNE,OSH106H-3003,JOS3003B,500.0,WK44,CIF,0.0,,,,,,,,,Terry,,,Brisbane,,,Cancelled -  A Hoff - 28.09.2025,
2025-09-11,FRE,COILGW5.6,COILGW5.6,1000.0,WK44,CIF,-13.210000000000036,37/38,193.0,39,96.6,40/41/44/45/46/47,434.01,48/49/50,289.6,Adam,,,fremantle,,,,
2025-09-11,BNE,OS106H-4003B,JOS4003B,500.0,WK44,CIF,0.0,45,340.0,46,120.0,47,40.0,,,Terry,WK 45/46/47,Lew,Brisbane,B - 5874+5894/5895/5920 - 340p+120p+40p - 24/11/25,,,
2025-09-17,BNE,IMGX45-44-4812,GXB48121010VGDE,50.0,WK44,CIF,50.0,,,,,,,,,Terry,wk 48/49/50,Lew,Brisbane,,,Increased to 50x Rob,
2025-09-18,FRE,,MP352404G,11.0,ASAP,CIF,0.0,43,11.0,,,,,,,Adam,wk 43,Eug,fremantle,F - 5845 - 11p - 30/10/25,,KCSS to supply,
2025-09-18,FRE,,MP422404G,24.0,ASAP,CIF,0.0,43,24.0,,,,,,,Adam,wk 43,Eug,fremantle,F - 5845 - 24p - 30/10/25,,KCSS to supply,
2025-09-18,FRE,,MP432404G,10.0,ASAP,CIF,0.0,43,10.0,,,,,,,Adam,wk 43,Eug,fremantle,F - 5845 - 10p - 30/10/25,,KCSS to supply,
2025-09-18,FRE,,MP452404G,61.0,ASAP,CIF,0.0,43,61.0,,,,,,,Adam,wk 43,Eug,fremantle,F - 5845 - 61p - 30/10/25,,KCSS to supply,
2025-09-18,FRE,,MP462404G,20.0,ASAP,CIF,0.0,43,20.0,,,,,,,Adam,wk 43,Eug,fremantle,F - 5845 - 20p - 30/10/25,,KCSS to supply,
2025-09-23,FRE,R500L5.0Coils,CW500L5,24.0,WK44,CIF,0.0,40,24.0,,,,,,,Terry,wk 40,Lew,Fremantle,F - 5781 - 24p - 7/10/25,,,
2025-09-23,FRE,IMG5H-44-2412,SMF5H241201010G,1300.0,WK45,CIF,0.0,42,1000.0,48,300.0,,,,,Terry,Wk 42/48,Lew,Fremantle,F - 5824+5942 - 1000p+300p - 2/12/25,,,
2025-09-23,FRE,IMG3H-22-2010,SMF3H20125050G,250.0,WK45,CIF,0.0,48,250.0,,,,,,,Terry,wk 48,Lew,Fremantle,F - 5942 - 200p - 2/12/25,,,
2025-09-23,FRE,IMG4-22-2412,SMF24120505004G,400.0,WK45,CIF,0.0,48,400.0,,,,,,,Terry,wk 48,Lew,Fremantle,F - 5942 - 400p- 2/12/25,,,
2025-09-23,FRE,IMG4-44-2412,SMF24121001004G,350.0,WK45,CIF,0.0,48,350.0,,,,,,,Terry,wk 48,Lew,Fremantle,F-5942 - 350p- 2/12/25,,,
2025-09-28,ADE,IMB4H-44-5024,SMB4H50241010,1200.0,WK45,CIF,0.0,49,1200.0,,,,,,,Adam,wk 50/51,Mus,Adelaide,A - 5955/5956 - 1200p - 5/12/25,,,
2025-09-28,ADE,IMG5H-44-4524,CCP45241010056G,3300.0,WK45,CIF,0.0,44,3300.0,,,,,,,Adam,WK 47/48,Lew,Adelaide,A - 5858-5863 - 330p - 30/10/25,,,
2025-09-28,ADE,IMG5H-44-4024,CCP40241010056G,1200.0,WK46,CIF,0.0,51,1200.0,,,,,,,Adam,,Lew,Adelaide,A - 5991/5992 - 1200p - 16/12/25,,,
2025-09-29,BNE,IMG5H-44-4524,CCP45241010056G,4400.0,wk46,CIF,0.0,42,1100.0,43,550.0,44,2750.0,,,Adam,WK 43/44/45,Lew,Brisbane,B - 5818/5820+5828+5852-5856 - 1100p+550p+2750p - 30/10/25,,,
2025-09-29,BNE,IMG3H-44-1716,SMF1716101003G,1600.0,WK45,CIF,0.0,44,1200.0,45,400.0,,,,,Adam,wk 43/44,Lew,Brisbane,B-5846/5847/5849+5877 - 1200p+400p - 17/11/25,,,
2025-09-29,BNE,IMG55H-46-5017-JAS,SMB5018101005G,960.0,WK45,CIF,960.0,,,,,,,,,Adam,wk 51/52,,Brisbane,,,Cancelled,
2025-09-29,SEA,IMG5H-44-4524,CCP45241010056G,3300.0,WK41,FOB,0.0,47,3300.0,,,,,,,Adam,2025-11-01 00:00:00,Lew,Seattle,S - 5928/5929/5930/5931/5932/5933 - 3300p - 24/11/25,,W50 2086626,
2025-09-29,SEA,IMG5H-44-4524,CCP45241010056G,3300.0,WK43 → DEC 25,FOB,0.0,51,3300.0,,,,,,,Adam,2025-12-01 00:00:00,Lew,Seattle,S - 5993/5994/5995/5996/5997/5998 - 22/12/25,,W50 2086627,
2025-09-29,SEA,IMG5H-44-4524,CCP45241010056G,3300.0,WK45 → FEB 26,FOB,3300.0,,,,,,,,,Adam,2026-01-01 00:00:00,Lew,Seattle,,,W50 2086628,
2025-09-29,SEA,IMG5H-44-4524,CCP45241010056G,3300.0,WK47 → MAR 26,FOB,3300.0,,,,,,,,,Adam,2026-02-01 00:00:00,Lew,Seattle,,,W50 2086629,
2025-09-29,SEA,IMG5H-44-4524,CCP45241010056G,3300.0,WK49 → APR 26,FOB,3300.0,,,,,,,,,Adam,2026-03-01 00:00:00,Lew,Seattle,,,W50 2086630,
2025-09-29,SEA,IMG5H-44-4524,CCP45241010056G,3300.0,WK51 → MAY 26,FOB,3300.0,,,,,,,,,Adam,2026-04-01 00:00:00,Lew,Seattle,,,W50 2086631,
2025-10-02,BNE,OSH106H-5803,JOS5803B,80.0,WK51,CIF,0.0,43,80.0,,,,,,,Terry,WK 44/45,Lew,Brisbane,B-5848 - 80p - 30/10/25,,,
2025-10-07,FRE,R500L5.0Coils,CW500L5,48.0,WK49,CIF,0.0,43,48.0,,,,,,,Terry,wk 43/44,Lew,Fremantle,F - 5836/5387 - 24p - 27/10/25,,,
2025-10-08,FRE,R500L5.6Coils,CW500L5.6,24.0,WK49,CIF,0.0,45,24.0,,,,,,,Terry,wk 45/46,Lew,Fremantle,F - 5871 - 24p - 6/11/25,,,
2025-10-10,FRE,R500L5.0Coils,CW500L5,48.0,WK49,CIF,0.0,43,24.0,47,24.0,,,,,Terry,WK 43/44,Lew,Fremantle,F- 5838/5912 - 24p+24p - 17/11/25,,,
2025-10-10,FRE,R500L5.6Coils,CW500L5.6,24.0,WK49,CIF,0.0,47,24.0,,,,,,,Terry,wk 46,Lew,Fremantle,F - 5941 - 24p - 27/11/25,,,
2025-10-10,FRE,R500L6.3Coils,CW500L6.3,24.0,WK49,CIF,0.0,46,24.0,,,,,,,Terry,wk 46,Lew,Fremantle,F - 5908 - 24p - 17/11/25,,,
2025-10-10,ADE,IMG5H-44-4524,CCP45241010056G,5500.0,WK49,CIF,0.0,52,2750.0,1,2750.0,,,,,Adam,wk52 / wk 1,Mus,Adelaide,A - 6012/6013/6014/6015/6016+6025/6026/6027/6028/6029 - 2750p+2750p - 5/1/26,,,
2025-10-10,BNE,IMG5H-44-4524,CCP45241010056G,3300.0,wk50,CIF,0.0,50,1100.0,51,2200.0,,,,,Adam,wk 50/51,Mus,Brisbane,B - 5965/5966+ 5983/5984/5985/5986 - 1100p+2200p - 22/12/25,,,
2025-10-10,BNE,IMG5H-44-4824,CCP48241010056G,2000.0,WK49,CIF,0.0,46/47,2000.0,,,,,,,Adam,wk 45/46/47,Lew,Brisbane,B - 5894/5895/5920/5921 - 2000p - 17/11/25,,,
2025-10-10,ADE,IMG5H-44-4024,CCP40241010056G,3000.0,WK48 →  March 26,CIF,3000.0,,,,,,,,,Adam,wk 49/50/51,,Adelaide,,,,
2025-10-10,BNE,imb45-66-5111,SMB5112151504,1080.0,WK44,CIF,0.0,45,1080.0,,,,,,,Adam,wk 45/46,Lew,Brisbane,B - 5876/5874 - 1080p-6/11/25,,Urgent - ASAP - Rob to discuss,
2025-10-10,BNE,IMGX44H-44-5012-JOA,GXB50121010VGOC,3200.0,WK49,CIF,710.0,50,1760.0,4,400.0,5,330.0,,,Adam,wk 50/51,Lew,Brisbane,B - 5967/5968/59696008+6060/6063+6082 - 330p+1760p+400p+330p - 20/1/26,,,
2025-10-10,BNE,IMGX4H4-46-5017-JAS,GXB501710154G,960.0,WK49,CIF,960.0,,,,,,,,,Adam,,,Brisbane,,,Cancelled,
2025-10-10,BNE,IMB5-64-5113 JMOL (new),SMB5113515105S,2376.0,wk50,CIF,0.0,2,1232.0,3,1144.0,,,,,Adam,wk 1,Mus,Brisbane,B - 6033/6034+6050+6051 - 1232pcs+1144p - 14/1/26,,,
2025-10-10,BNE,IMG4-44-2015,CC2015101004G,6000.0,WK49 →  WK1,CIF,-6.0,51,6.0,52,6000.0,,,,,Adam,wk 52/53,Lew,Brisbane,B - 5962+6010/6011 - 6p+6000p- 24/12/25,,,
2025-10-10,BNE,IMB5-44-5014-JNA,CC5014101005,1188.0,WK48,CIF,0.0,1,1188.0,,,,,,,Adam,wk 2,Lew,Brisbane,B - 6021/6022/6023 - 1188pcs - 5/1/26,,,
2025-10-10,BNE,IMB5-46-5016-JNA,SMB5016151005S,1584.0,WK50 →  WK4,CIF,0.0,3,1584.0,,,,,,,Adam,wk 3,Lew,Brisbane,B - 6052/6053/6054 - 1584p - 14/1/26,,,
2025-10-10,BNE,IMGX4H4-44-4811-JUL,GXB48111010VGU3,1200.0,wk50,CIF,25.0,2,1175.0,,,,,,,Adam,wk 3,Lew,Brisbane,B - 6039/6038 - 1175p - 12/1/26,,,
2025-10-10,BNE,IMB4-626-1117-JULW,SMF1711151504UW,2000.0,WK50,CIF,-37.0,44,37.0,50,1000.0,51,1000.0,,,Adam,wk 51/52,Lew,Brisbane,B - 5851+5967/5968+5981/5982 - 37p +1000p+1000p- 22/12/25,,,
2025-10-10,BNE,IMGX44H-44-5012-VGUW,GXB50121010VGUW,2000.0,WK50,CIF,2000.0,,,,,,,,,Adam,wk 51/52,Lew,Brisbane,,,,
2025-10-17,BNE,OS106H-4003,JOS4003B,500.0,WK46,CIF,0.0,47,80.0,47,330.0,4,90.0,,,Terry,wk 47/48/49,Lew,Brisbane,B - 5920/5921+5927+6059 - 80p+ 330p+90p- 5/12/25,,,
2025-10-21,BNE,OSH106H-5803,JOS5803B,1000.0,WK47,CIF,200.0,49,90.0,50,400.0,52,160.0,1,150.0,Terry,WK 50/51/52,Lew,Brisbane,B - 5969/6007/6018 - 400p+160p+150p - 5/1/26,,,
2025-10-22,BNE,imb45-66-5111,SMB5112151504,3240.0,wk45,CIF,0.0,47,3240.0,,,,,,,Adam,wk 47/48,Lew,Brisbane,B - 5923/5924/5925/5926/5927 - 3240p - 24/11/25,,,
2025-10-22,BNE,imb45-66-5111,SMB5112151504,3240.0,wk48,CIF,0.0,51,2880.0,52,360.0,,,,,Adam,wk 51/52,Lew,Brisbane,B - 5981/5982/5987/5988+6009 - 2880p+360p - 24/12/25,,,
2025-10-22,FRE,D500L9.5-Spools,D500L09.5SP,24.0,WK44,CIF,0.0,49,24.0,,,,,,,Terry,wk 51/52,Lew,Fremantle,F - 5943 - 24p - 5/12/25,,,
2025-10-23,FRE,R500L5.0Coils,CW500L5,48.0,WK48,CIF,24.0,47,24.0,,,,,,,Terry,wk 46/47,Lew,Fremantle,F - 5913 - 24p - 20/11/25,,,
2025-10-23,FRE,R500L5.6Coils,CW500L5.6,48.0,WK48,CIF,0.0,46,24.0,47,24.0,,,,,Terry,wk 46/47,Lew,Fremantle,F - 5906+5940 - 24p+24p - 27/11/25,,,
2025-10-23,FRE,R500L6.3Coils,CW500L6.3,24.0,WK48,CIF,0.0,47,24.0,,,,,,,Terry,wk 46/47,Lew,Fremantle,F - 5911 - 17/11/25,,,
2025-10-23,FRE,D500L7.6-Spools,D500L07.6SP,24.0,WK48,CIF,0.0,47,24.0,,,,,,,Terry,wk 46/47,Lew,Fremantle,F - 5916 - 24p-20/11/25,,,
2025-10-23,FRE,D500L8.6-Spools,D500L08.6SP,24.0,WK48,CIF,0.0,47,24.0,,,,,,,Terry,wk 46/47,Lew,Fremantle,F - 5917 - 24p - 20/11/25,,,
2025-10-23,FRE,D500L9.5-Spools,D500L09.5SP,24.0,WK48,CIF,0.0,49,24.0,,,,,,,Terry,wk 51/52,Lew,Fremantle,F - 5944 - 24p - 5/12/25,,,
2025-10-23,BNE,IMG3H-33-2516,SMF2516757503G,3400.0,WK49,CIF,3300.0,47,100.0,,,,,,,Terry,wk 52/53/1,Lew,Brisbane,B - 5927 - 100p - 24/11/25,,,
2025-10-23,FRE,Tie-3.15mm-2.3m,TIE3.15X2.3MM,10.0,WK49,CIF,0.0,48,10.0,,,,,,,Terry,wk 49/50,Lew,Fremantle,F-5942 - 10T - 2/12/25,,,
2025-11-05,ADE,IMG5H-44-4524,CCP45241010056G,3300.0,Wk1,CIF,3300.0,,,,,,,,,Adam,wk 6,Lew,Adelaide,,,,
2025-11-05,BNE,IMG5H-44-4524,CCP45241010056G,3300.0,wk2,CIF,3300.0,,,,,,,,,Adam,wk 6/7,Lew,Brisbane,,,,
2025-11-05,BNE,IMG5H-44-4824,CCP48241010056G,2000.0,wk8,CIF,2000.0,,,,,,,,,Adam,,,Brisbane,,,,
2025-11-05,ADE,IMB5-44-4024,CC402410105,600.0,wk51,CIF,0.0,2,600.0,,,,,,,Adam,wk 2,Mus,Adelaide,A - 6040 - 600p - 8/1/26,,,
2025-11-05,ADE,IMG5H-44-4024,CCP40241010056G,1800.0,wk52 →  April 26,CIF,1800.0,,,,,,,,,Adam,,,Adelaide,,,,
2025-11-05,BNE,IMB5-64-5113 JMOL (new),SMB5113515105S,1980.0,wk2,CIF,968.0,3,88.0,4,924.0,,,,,Adam,,Lew,Brisbane,B - 6051+6062/6063 - 88pcs+924 - 20/1/26,,,
2025-11-05,BNE,IMB4-44-2214,SMF2214101004,3000.0,wk51,CIF,0.0,2,3000.0,,,,,,,Adam,wk 2,Lew,Brisbane,B - 6035 - 3000p - 7/1/26,,,
2025-11-05,BNE,IMGX45-44-5614 JMA ,GXB5614101004G,1620.0,wk1,CIF,1620.0,,,,,,,,,Adam,,,Brisbane,,,Refer to Adam's email dated 241225,
2025-11-05,BNE,IMG4-44-2015,CC2015101004G,6000.0,wk2 →  WK5,CIF,6000.0,,,,,,,,,Adam,,Mus,Brisbane,,,,
2025-11-05,BNE,IMB5-44-5014-JNA,CC5014101005,1188.0,wk52,CIF,44.0,1,1144.0,,,,,,,Adam,wk 2,Lew,Brisbane,B - 6023/6024 - 1144pcs - 5/1/26,,,
2025-11-05,BNE,IMB4-626-1821-JUL,SMF2118151504U3,2000.0,wk2 →  WK6,CIF,2000.0,,,,,,,,,Adam,WK 8,Lew,Brisbane,,,,
2025-11-05,BNE,IMGX4H4-44-4811-JUL,GXB48111010VGU3,1200.0,wk2,CIF,1200.0,,,,,,,,,Adam,,,Brisbane,,,,
2025-11-05,BNE,IMB4-626-1117-JULW,SMF1711151504UW,2000.0,wk2,CIF,2000.0,,,,,,,,,Adam,,,Brisbane,,,,
2025-11-05,BNE,IMGX44H-44-5012-VGUW,GXB50121010VGUW,1620.0,wk2 →  TBA,CIF,1620.0,,,,,,,,,Adam,,,Brisbane,,,,
2025-11-05,TAS,IMB4-44-4814-CCC,SMF4814101004,1440.0,wk50,CIF,0.0,2,1440.0,,,,,,,Adam,wk 3,Lew,Tasmania,T-6030/6031 - 1440p - 7/1/26,,,
2025-11-05,BNE,imb45-66-5111,SMB5112151504,3240.0,wk2,CIF,0.0,3,2160.0,4,1080.0,,,,,Adam,wk 3/4,Lew,Brisbane,B - 6047/6048/6049/6059/6060 - 2160p+1080p - 20/1/26,,,
2025-11-05,BNE,IMG4-44-3024-JOA,SMF302410104GOC,1800.0,wk1 →  WK5,CIF,1800.0,,,,,,,,,Adam,,,Brisbane,,,,
2025-11-10,FRE,R500L5.6Coils,CW500L5.6  ,24.0,WK52,CIF,0.0,49,24.0,,,,,,,Terry,Wk 49/50,Mus,Fremantle,F - 5945 - 24p - 5/12/25,,,
2025-11-10,FRE,R500L6.0Coils,CW500L6,24.0,WK52,CIF,0.0,49,24.0,,,,,,,Terry,Wk 49/50,Mus,Fremantle,F - 5946 - 24p - 5/12/25,,,
2025-11-10,FRE,Tie-3.15mm-2.3m,TIE3.15X2.3MM,10.0,WK52,CIF,-2.1999999999999997,48,1.1,51,11.1,,,,,Terry,wk 52/1,Lew,Fremantle,F-5942/5980 - 1.1T+11.1T - 22/12/25,,,
2025-11-10,BNE,IMB5-44-5716,SMF5716101005,1080.0,WK51,CIF,0.0,2,1080.0,,,,,,,Adam,WK 3,Lew,Brisbane,B - 6036/6037 - 1080p - 12/1/26,,,
2025-11-10,BNE,IMG3H-44-2516,SMF2516101031G,3000.0,WK52,CIF,3000.0,,,,,,,,,Adam,,,Brisbane,,,,
2025-11-11,BNE,"6mm Wire, 6M - (4 x 750)",6MBW6,3000.0,WK2,CIF,0.0,1,3000.0,,,,,,,Terry,Wk 2,Lew,Brisbane,B - 6019 - 4bundle(750)=3000pcs - 5/1/26,,,
2025-11-11,BNE,(13 x 1T),TIE3.15X2.4MM,13.0,WK2,CIF,0.0,52,6.0,1,3.0,2,1.0,3,3.0,Terry,wk 52/53,Lew,Brisbane,B - 6008/6022/6054 - 6T+3T+1T+1T - 14/1/26 (40pcs per Bundle),,,
2025-11-11,BNE,(4 x 1.5T),TIE3.15X1.2MM,4.0,WK2,CIF,-0.5,2,4.5,,,,,,,Terry,wk 52/53,Lew,Brisbane,B - 6034 - 4.5T - 7/1/26,,,
2025-11-14,SYD,IMG3H-33-2516,SMF2516757503G,3400.0,WK2,CIF,0.0,4,3400.0,,,,,,,Terry,,Mus,Sydney,S - 6061 - 3400p - 23/1/26,,Updated to Sydney R.Scott 11.12.2025,
2025-11-26,FRE,R500L5.6Coils,CW500L5.6,48.0,WK2,CIF,0.0,50,48.0,,,,,,,Terry,wk 50/51,Lew,Fremantle,F - 5970/5971 - 48p - 8/12/25,,,
2025-11-26,FRE,D500L7.6-Spools,D500L07.6SP,24.0,WK2,CIF,0.0,3,24.0,,,,,,,Terry,wk 3,Lew,Fremantle,F - 6057 - 24p - 16/1/26,,,
2025-12-01,BNE,IMB5-44-5612-JMA,SMB5612101005,900.0,WK3,CIF,900.0,,,,,,,,,Terry,,,Brisbane,,,PO CANCELLED 01/12/2025,
2025-12-05,BNE,IMB55H-46-5017 JASH,SMB5018101005,1920.0,wk2,CIF,1920.0,,,,,,,,,Adam,,,Brisbane,,,,
2025-12-05,BNE,IMB5-64-5113 JMOL (new),SMB5113515105S,2772.0,WK2,CIF,2772.0,,,,,,,,,Adam,,Mus,Brisbane,,,,
2025-12-05,BNE,IMB4-44-2214,SMF2214101004,3000.0,WK2,CIF,3000.0,,,,,,,,,Adam,,,Brisbane,,,,
2025-12-05,BNE,IMGX45-44-5614 JMA ,GXB5614101004G,1440.0,wk2,CIF,1440.0,,,,,,,,,Adam,,,Brisbane,,,Refer to Adam's email dated 241225,
2025-12-05,BNE,IMB5-44-5014,CC5014101005,1188.0,WK2,CIF,1188.0,,,,,,,,,Adam,,Mus,Brisbane,,,,
2025-12-05,TAS,IMB4-44-4814-CCC,SMF4814101004,1440.0,WK1,CIF,1440.0,,,,,,,,,Adam,,Lew,Tasmania,,,,
2025-12-05,BNE,IMB45-421-5002-DEN,SMB5002101004,2113.0,WK2   →  WK6,CIF,2113.0,,,,,,,,,Adam,wk 5/6,Lew,Brisbane,,,,
2025-12-05,BNE,IMB45-66-5117-DEN,SMB5118151505,1620.0,WK2,CIF,1620.0,,,,,,,,,Adam,,,Brisbane,,,,
2025-12-05,BNE,IMGX44H-44-5012-JOA,GXB50121010VGOC,960.0,WK2,CIF,0.0,4,960.0,,,,,,,Adam,WK 4,Lew,Brisbane,B - 6060/6064 - 960p - 20/1/26,,,
2025-12-05,ADE,IMB5-44-4024,CC402410105,600.0,WK2,CIF,0.0,2,600.0,,,,,,,Terry,wk 2,Mus,Adelaide,A - 6041 - 600p - 0/1/26,,,
2025-12-05,ADE,IMB5-44-4524,SMF4524101005,600.0,WK2,CIF,0.0,2,600.0,,,,,,,Terry,wk 2,Mus,Adelaide,A - 6042 - 600p - 7/1/26,,,
2025-12-05,ADE,IMG5H-44-4524,CCP45241010056G,2200.0,WK2,CIF,2200.0,,,,,,,,,Terry,,,Adelaide,,,,
2025-12-05,FRE,COILGW5.6,COILGW5.6,600.0,WK44,CIF,322.65700000000004,50,23.995,51/52,253.348,,,,,Rob,,,fremantle,,,Sales order ammended and closed,
2025-12-10,BNE,IMG45-44-5016,SMB561604GCD,4000.0,wk52,CIF,4000.0,,,,,,,,,Adam,,,Brisbane,,,,
2025-12-10,BNE,IMG3H-44-2518,SMF251803GCD ,6000.0,wk3,CIF,6000.0,,,,,,,,,Adam,,,Brisbane,,,,
2025-12-11,FRE,R500L6.0Coils,CW500L6          ,48.0,WK3,CIF,0.0,52,24.0,1,24.0,,,,,Terry,Wk 52/53,Lew,Fremantle,F - 6004/6017- 24p+24p - 5/1/26,,,
2025-12-11,FRE,R500L6.3Coils,CW500L6.3        ,48.0,WK3,CIF,0.0,3,48.0,,,,,,,Terry,wk 3,Lew,Fremantle,F - 6045/6046 - 48p - 14/1/26,,,
2025-12-11,FRE,R500L8-Coils,CW500L8          ,24.0,WK3,CIF,24.0,,,,,,,,,Terry,wk 4,Lew,Fremantle,,,,
2025-12-11,FRE,D500L6.0-Spools,D500L06.0SP      ,24.0,WK3,CIF,0.0,4,24.0,,,,,,,Terry,wk 4,Lew,Fremantle,F - 6065 - 24p - 20/1/26,,,
2025-12-11,FRE,D500L7.6-Spools,D500L07.6SP      ,24.0,WK3,CIF,24.0,,,,,,,,,Terry,wk 4,Lew,Fremantle,,,,
2025-12-11,FRE,D500L8.6-Spools,D500L08.6SP      ,48.0,WK3,CIF,0.0,4,48.0,,,,,,,Terry,wk 4,Lew,Fremantle,F - 6066/6067 - 48T - 26/1/26,,,
2025-12-11,FRE,Tie-3.15mm-2.3m,TIE3.15X2.3MM    ,10.0,WK3,CIF,2.6,5,7.4,,,,,,,Terry,wk 4/5,Lew,Fremantle,F - 6072/6074/6075 - 7.4T - 26/1/26,,,
2025-12-15,ADE,IMB4H-44-5024,SMB4H50241010,3600.0,wk2,CIF,0.0,3,1800.0,4,1800.0,,,,,Adam,WK 3/4,Lew,Adelaide,A - 6055-6056/6058+6069/6070/6071 - 1800p+1800p - 20/1/26,,,
2025-12-15,ADE,IMB4H-44-5024,SMB4H50241010,1800.0,wk5,CIF,1800.0,,,,,,,,,Adam,,,Adelaide,,,,
2025-12-15,ADE,IMB4H-44-5024,SMB4H50241010,1800.0,wk8,CIF,1800.0,,,,,,,,,Adam,,,Adelaide,,,,
2025-12-15,BNE,IMB3H-44-2420-DCLA,SMF2420101003,3000.0,wk1,CIF,2315.0,50,685.0,,,,,,,Adam,,,Brisbane,B - 5964 - 685p - 16/12/25,,,
2025-12-15,BNE,IMG3H-44-2516,SMF2516101031G,3000.0,wk1,CIF,3000.0,,,,,,,,,Adam,,,Brisbane,,,,
2025-12-15,BNE,IMGX44H-44-5012-JOA,GXB50121010VGOC,3600.0,wk3,CIF,3600.0,,,,,,,,,Adam,Wk 3 / 4,Lew,Brisbane,,,,
2025-12-15,BNE,IMB45-66-5111-JEN2,SMB5112151504,3240.0,wk5,CIF,3240.0,,,,,,,,,Adam,,,Brisbane,,,,
2025-12-15,TAS,IMB4-44-4814-CCC,SMF4814101004,1440.0,wk5,CIF,1440.0,,,,,,,,,Adam,,,Tasmania,,,,
2025-12-15,BNE,IMB5-44-5014-JNA,CC5014101005,1188.0,wk5,CIF,1188.0,,,,,,,,,Adam,,,Brisbane,,,,
2025-12-18,ADE,IMB5-44-4524,SMF4524101005,1200.0,wk4,CIF,0.0,2,1200.0,,,,,,,Adam,wk 2,Mus,Adelaide,A - 6043/6044 - 1200p - 7/1/26,,,
2025-12-18,BNE,IMG3H-44-2218,SMF2218101003G,3000.0,wk10,CIF,3000.0,,,,,,,,,Adam,,,Brisbane,,,,
2025-12-22,BNE,IMB5-44-5716,SMF5716101005,1620.0,wk7,CIF,1620.0,,,,,,,,,Adam,,,Brisbane,,,,
2025-12-22,FRE,IMG5H-44-4517,SMF45171010056G,2400.0,WK2,CIF,0.0,5,2400.0,,,,,,,Adam,Wk 3,Mus,Fremantle,F - 6072/6073/6074/6075 - 2400p - 26/1/26,,Balance to be run in perth,
2026-01-08,BNE,IMB55H-46-5017 JASH,SMB5018101005,1920.0,WK8,CIF,1920.0,,,,,,,,,Adam,,,Brisbane,,,,
2026-01-08,BNE,IMB5-64-5113-JMOL,SMB5113515105S,6000.0,wk9,CIF,6000.0,,,,,,,,,Adam,,,Brisbane,,,,
2026-01-08,BNE,IMGX45-44-5614 JMA ,GXB5614101004G,600.0,wk5,CIF,600.0,,,,,,,,,Adam,,Lew,Brisbane,,,,
2026-01-08,BNE,IMB5-44-5014-JNA,CC5014101005,1188.0,wk9,CIF,1188.0,,,,,,,,,Adam,,,Brisbane,,,,
2026-01-08,BNE,IMB5-46-5016-JNA,SMB5016151005S,1188.0,wk10,CIF,1188.0,,,,,,,,,Adam,,,Brisbane,,,,
2026-01-08,BNE,IMB4-626-1821-JUL,SMF2118151504U3,3000.0,wk9,CIF,3000.0,,,,,,,,,Adam,WK 8 - 1K/,Lew,Brisbane,,,,
2026-01-08,BNE,IMGX4H4-44-4811-JUL,GXB48111010VGU3,1800.0,wk9,CIF,1800.0,,,,,,,,,Adam,,,Brisbane,,,,
2026-01-08,BNE,IMB4-626-1117-JULW,SMF1711151504UW,2200.0,wk9,CIF,2200.0,,,,,,,,,Adam,,Mus,Brisbane,,,,
2026-01-08,TAS,IMB4-44-4814-CCC,SMF4814101004,1440.0,wk10,CIF,1440.0,,,,,,,,,Adam,,,Tasmania,,,,
2026-01-08,BNE,IMB45-66-5111-JEN2,SMB5112151504,3240.0,wk10,CIF,3240.0,,,,,,,,,Adam,,,Brisbane,,,,
2026-01-08,BNE,IMB45-66-5117-DEN,SMB5118151505,2160.0,wk9,CIF,2160.0,,,,,,,,,Adam,,Lew,Brisbane,,,,
2026-01-08,BNE,IMGX44H-44-5012-JOA,GXB50121010VGOC,2400.0,wk8,CIF,2400.0,,,,,,,,,Adam,,,Brisbane,,,,
2026-01-08,BNE,IMG4-44-3024-JOA,SMF302410104GOC,1200.0,wk9,CIF,1200.0,,,,,,,,,Adam,,,Brisbane,,,,
2026-01-11,BNE,OS106H-4003,JOS4003B,500.0,Wk 10,CIF,500.0,,,,,,,,,Adam,,,Brisbane,,,,
2026-01-11,BNE,IMB3H-44-2420-DCLA,SMF2420101003,3020.0,wk10,CIF,3020.0,,,,,,,,,Adam,,,Brisbane,,,,
2026-01-11,SEA,IMG5H-44-4524,CCP45241010056G,3300.0,2026-05-01 00:00:00,FOB,3300.0,,,,,,,,,Adam,,,Seattle,,,W50 2086629,
2026-01-11,SEA,IMG5H-44-4524,CCP45241010056G,3300.0,2026-06-01 00:00:00,FOB,3300.0,,,,,,,,,Adam,,,Seattle,,,W50 2086630,
2026-01-11,SEA,IMG5H-44-4524,CCP45241010056G,3300.0,2026-07-01 00:00:00,FOB,3300.0,,,,,,,,,Adam,,,Seattle,,,W50 2086631,
2026-01-14,BNE,IMG45-44-5012,SMB501204GIB,2400.0,WK10,CIF,2400.0,,,,,,,,,Adam,,,Brisbane,,,expecting end of Marck,
2026-01-16,FRE,R500L4.0-Coils,CW500L4          ,24.0,WK10,CIF,24.0,,,,,,,,,Terry,wk 4,Lew,Fremantle,,,,
2026-01-19,ADE,IMB4H-44-5024,SMB4H50241010,2400.0,wk10,CIF,2400.0,,,,,,,,,Adam,,,Adelaide,,,,
2026-01-19,ADE,IMB4H-44-5024,SMB4H50241010,2400.0,wk13,CIF,2400.0,,,,,,,,,Adam,,,Adelaide,,,,
2026-01-21,FRE,R500L5.0Coils,CW500L5,48.0,wk12,CIF,48.0,,,,,,,,,Terry,Wk 10,Lew,Fremantle,,,,
2026-01-21,FRE,D500L6.0-Spools,D500L06.0SP,24.0,wk12,CIF,24.0,,,,,,,,,Terry,Wk 10,Lew,Fremantle,,,,
2026-01-26,BNE,,SROLL1800C60,20.0,WK16,CIF,20.0,,,,,,,,,Adam,,,Brisbane,,,,
